"PALS_ID","USER_ID"
"AG15P0711","3706"
"AG15P0712","3776"
"AG15P0713","3777"
"AG15P0714","3731"
"AG15P0715","3732"
"AG15P0716","3727"
"AG15P0719","3717"
"AG15P0728","3733"
"AG15P0730","4704"
"AG15P0731","3882"
"AG15P0733","175"
"AG15P0734","176"
"AG15P0744","4220"
"AG15P0745","3784"
"AG15P0746","3785"
"AG15P0748","3724"
"AG16P0771","4057"
"AG16P0772","3819"
"AG16P0774","3820"
"AG16P0775","3823"
"AG16P0776","1725"
"AG16P0778","3821"
"AG16P0779","3822"
"AG16P0781","2064"
"AG16P0782","4207"
"AG16P0783","4159"
"AG16P0784","4215"
"AG16P0785","3883"
"AG16P0786","3735"
"AG16P0788","3818"
"AG16P0789","3120"
"AG16P0793","3994"
"AG16P0794","4185"
"AG16P0795","4023"
"AG16P0797","4024"
"AG16P0799","3875"
"AG16P0800","4736"
"AG16P0801","4187"
"AG16P0806","3876"
"AG16P0807","4775"
"AG16P0810","3708"
"AG16P0818","4054"
"AG16P0826","4009"
"AG16P0837","3984"
"AG16P0839","3894"
"AG16P0840","3985"
"AG16P0841","4083"
"AG16P0842","3896"
"AG16P0845","4055"
"AG16P0848","4773"
"AG16P0849","4205"
"AG16P0850","3998"
"AG16P0851","3999"
"AG16P0852","3778"
"AG16P0853","4161"
"AG16P0854","3729"
"AG16P0858","3834"
"AG16P0860","4986"
"AG16P0861","3895"
"AG16P0863","3833"
"AG16P0864","4162"
"AG16P0865","4013"
"AG16P0867","4000"
"AG16P0871","3897"
"AG16P0872","4078"
"AG16P0873","3413"
"AG16P0874","3412"
"AG16P0878","3414"
"AG16P0879","3409"
"AG16P0880","3723"
"AG16P0881","4029"
"AG16P0883","3705"
"AG16P0886","4030"
"AG16P0887","3709"
"AG16P0889","3993"
"AG16P0890","4058"
"AG16P0891","3884"
"AG16P0895","4158"
"AG16P0898","3992"
"AG16P0904","3885"
"AG16P0905","4047"
"AG16P0911","4695"
"AG16P0912","4173"
"AG16P0914","3847"
"AG16P0915","4172"
"AG16P0918","3747"
"AG16P0920","3800"
"AG16P0922","3978"
"AG16P0923","5685"
"AG16P0926","3979"
"AG16P0929","3801"
"AG16P0931","3799"
"AG16P0932","3798"
"AG18P0935","3980"
"AG18P0936","3981"
"AG18P0937","3802"
"AG18P0938","3803"
"AG18P0939","3804"
"AG18P0940","3982"
"AG18P0941","4153"
"AG18P0942","3805"
"AG18P0943","3983"
"AG18P0945","3806"
"AG18P0946","3807"
"AG18P0949","4460"
"AG18P0950","3525"
"AG18P0952","3824"
"AG18P0953","3259"
"AG18P0954","3825"
"AG18P0955","4160"
"AG18P0956","2957"
"AG18P0957","3827"
"AG18P0958","4702"
"AG18P0959","4701"
"AG18P0961","3829"
"AG18P0962","62"
"AG18P0963","2870"
"AG18P0964","3830"
"AG18P0965","3831"
"AG18P0966","3995"
"AG18P0967","3996"
"AG18P0968","3997"
"AG18P0969","3832"
"AG18P0970","3407"
"AG18P0971","2960"
"AG18P0972","4001"
"AG18P0973","5069"
"AG18P0976","3835"
"AG18P0977","4002"
"AG18P0978","3836"
"AG18P0979","2809"
"AG18P0981","3837"
"AG18P0983","4169"
"AG18P0986","5689"
"AG18P0988","4010"
"AG18P0990","4170"
"AG18P0991","4011"
"AG18P0993","5695"
"AG18P0994","3848"
"AG18P0995","4174"
"AG18P0996","4175"
"AG18P0997","4176"
"AG18P0998","4177"
"AG18P1000","3849"
"AG18P1001","4016"
"AG18P1002","3850"
"AG18P1003","3851"
"AG18P1004","5843"
"AG18P1005","5692"
"AG18P1006","4178"
"AG18P1007","3852"
"AG18P1009","3853"
"AG18P1011","3854"
"AG18P1012","4776"
"AG18P1013","4188"
"AG18P1014","3877"
"AG18P1015","4696"
"AG18P1017","4697"
"AG18P1019","4025"
"AG18P1022","4735"
"AG18P1025","3878"
"AG18P1026","5699"
"AG18P1027","4027"
"AG18P1028","3879"
"AG18P1030","5700"
"AG18P1032","3753"
"AG18P1033","4700"
"AG18P1034","4189"
"AG18P1035","4028"
"AG18P1036","4781"
"AG18P1037","4190"
"AG18P1038","4031"
"AG18P1039","4032"
"AG18P1040","4033"
"AG18P1042","4034"
"AG18P1043","6087"
"AG18P1044","3410"
"AG18P1046","4035"
"AG18P1047","4221"
"AG18P1052","4084"
"AG18P1054","4201"
"AG18P1055","4202"
"AG18P1056","4203"
"AG18P1057","4048"
"AG18P1058","4049"
"AG18P1059","4050"
"AG18P1060","4051"
"AG18P1062","4052"
"AG18P1063","4989"
"AG18P1064","4053"
"AG18P1065","4204"
"AG18P1066","4074"
"AG18P1067","5696"
"AG18P1068","4075"
"AG18P1071","4211"
"AG18P1074","4076"
"AG19U0002","3515"
"AG19U0003","3516"
"AG20P1076","5715"
"AG20P1077","5716"
"AG20P1078","5714"
"AG20P1079","5717"
"AG20P1080","5718"
"AG20P1082","5719"
"AG20P1083","5720"
"AG20P1084","5721"
"AG20P1085","5722"
"AG20P1086","5723"
"AG20P1089","5724"
"AG20P1090","5725"
"AG20P1091","5726"
"AG20P1092","5727"
"AG20P1093","5728"
"AG20P1094","5729"
"AG20P1095","5730"
"AG20P1096","5731"
"AG20P1097","5732"
"AG20P1098","5813"
"AG20P1099","5814"
"AG20P1100","5815"
"AG20P1101","5733"
"AG20P1102","5734"
"AG20P1103","5816"
"AG20U0004","5778"
"AG21P1102","6112"
"AG21P1104","7368"
"AG21P1107","7371"
"AG21P1108","7372"
"AG21P1109","7373"
"AG21P1110","7374"
"AG21P1111","7375"
"AG21P1112","7376"
"AG21P1113","7377"
"AG21P1114","7378"
"AG21P1115","7379"
"AG21P1116","7380"
"AG21P1117","7381"
"AG21P1118","7382"
"AG21P1119","7383"
"AG21P1120","7384"
"AG21P1121","7385"
"AG21P1122","7386"
"AG22P1123","7891"
"AG22P1124","7892"
"AG22P1125","8196"
"AG22P1126","7908"
"AG22P1127","7909"
"AG22P1128","7918"
"AG22P1129","7919"
"AG22P1130","7910"
"AG22P1131","7911"
"AG22P1132","7920"
"AG22P1133","7921"
"AG22P1134","7369"
"AG22P1135","7894"
"AG22P1136","7370"
"AG22P1137","7904"
"AG22P1138","7878"
"AG22P1139","7876"
"AG22P1140","7895"
"AG22P1141","7879"
"AG22P1142","7896"
"AG22P1143","7897"
"AG22P1144","7898"
"AG22P1145","7899"
"AG22P1146","7900"
"AG22P1147","7901"
"AG22P1148","7880"
"AG22P1149","7902"
"AG22P1150","7881"
"AG22P1151","7882"
"AG22P1152","7883"
"AG22P1153","7884"
"AG22P1154","7885"
"AG22P1155","7886"
"AG22P1156","7903"
"AG22P1157","7887"
"AG22P1158","7888"
"AG22P1159","7889"
"AG22P1160","7905"
"AG22P1161","7906"
"AG22P1162","7890"
"AG22P1163","7907"
"AG22P1165","8197"
"AG22P1166","8198"
"AG22P1167","8199"
"AG22P1168","8200"
"AG22P1169","8201"
"AG22P1170","8202"
"AG22P1171","8203"
"AG22P1172","8204"
"AG22P1173","8205"
"AG22P1174","8206"
"AG22P1175","8207"
"AG22P1176","8208"
"AG22P1177","8209"
"AG22P1178","8210"
"AG22P1179","8211"
"AG22P1180","8212"
"AG22P1181","8214"
"AG23P1182","8499"
"AG23P1183","8661"
"AG23P1184","8662"
"AG23P1185","8663"
"AG23P1186","8664"
"AG23P1187","8665"
"AG23P1188","8666"
"AG23P1189","8667"
"AG23P1190","8668"
"AG23P1191","8669"
"AG23P1192","8670"
"AG23P1193","8671"
"AG23P1194","8672"
"AG23P1195","8673"
"AG23P1196","8674"
"AG23P1197","8675"
"AG23P1198","8676"
"AG23P1199","8677"
"AG23P1200","8678"
"AG23P1201","8679"
"AG23P1202","8680"
"AG23P1203","8681"
"AG23P1204","8682"
"AG23P1205","8683"
"AG23P1206","8684"
"AG23P1207","8685"
"AG23P1208","8686"
"AG23P1209","8687"
"AG23P1210","8688"
"AG23P1211","8689"
"AG23P1212","8690"
"AG23P1213","8691"
"AG23P1214","8692"
"BD17P0001","994"
"BD17P0003","997"
"BD17P0005","559"
"BD17P0005","1932"
"BD17P0006","998"
"BD17P0007","564"
"BD17P0008","577"
"BD17P0011","4469"
"BD17P0012","992"
"BD17P0013","561"
"BD17P0015","555"
"BD17P0016","1612"
"BD17P0017","4470"
"BD17P0018","580"
"BD17P0019","4471"
"BD17P0020","576"
"BD17P0022","993"
"BD17P0023","569"
"BD17P0026","999"
"BD17P0026","4472"
"BD17P0028","572"
"BD17P0029","996"
"BD17P0031","2524"
"BD17P0033","990"
"BD17P0034","978"
"BD17P0035","989"
"BD17P0036","2525"
"BD17P0037","2526"
"BD17P0038","2527"
"BD17P0039","1363"
"BD17P0040","1364"
"BD17P0041","1365"
"BD17P0045","1916"
"BD17P0046","1366"
"BD17P0051","1367"
"BD17P0055","1368"
"BD17P0056","1922"
"BD17P0058","1369"
"BD17P0059","1370"
"BD17P0060","1924"
"BD17P0064","1371"
"BD17P0066","1927"
"BD17P0067","1928"
"BD17P0068","1929"
"BD17P0071","1372"
"BD17P0073","4474"
"BD17P0076","4242"
"BD17U0042","1915"
"BD17U0047","1374"
"BD17U0048","1375"
"BD17U0052","1919"
"BD17U0053","1626"
"BD17U0061","1377"
"BD17U0065","1926"
"BD17U0069","1854"
"BD17U0070","1379"
"BD17U0074","1380"
"BD17U0075","1933"
"BD18P0002","4626"
"BD18P0005","3911"
"BD18P0006","4627"
"BD18P0008","1568"
"BD18P0014","4628"
"BD18P0030","1576"
"BD18P0043","1571"
"BD18P0047","1574"
"BD18P0076","562"
"BD18P0079","2528"
"BD18P0081","4314"
"BD18P0082","2529"
"BD18P0087","563"
"BD18P0097","5630"
"BD18P0101","4629"
"BD18P0108","558"
"BD18P0114","5631"
"BD18P0115","2531"
"BD18P0116","1577"
"BD18P0117","1575"
"BD18P0118","4949"
"BD18P0123","2533"
"BD18P0123","1573"
"BD18P0135","5629"
"BD18P0136","2534"
"BD18P0141","4947"
"BD18P0141","1570"
"BD18P0145","2535"
"BD18P0149","4990"
"BD18P0153","5462"
"BD18P0156","4464"
"BD18P0158","1381"
"BD18U0159","1917"
"BD18U0160","1920"
"BD18U0161","1382"
"BD18U0162","1931"
"BD19P0023","5869"
"BD19P0165","2537"
"BD19P0166","2538"
"BD19P0167","3918"
"BD19P0180","5868"
"BD19P0181","4317"
"BD19P0183","4318"
"BD19P0184","5870"
"BD19P0185","5871"
"BD19P0186","5872"
"BD19P0187","5873"
"BD19P0190","5874"
"BD19P0191","5875"
"BD19P0192","5876"
"BD19P0194","5877"
"BD19P0195","5878"
"BD19P0196","5879"
"BD19P0198","5880"
"BD19P0199","5881"
"BD19P0202","4991"
"BD19P0203","3912"
"BD19P0204","3922"
"BD19P0205","3921"
"BD19P0209","3920"
"BD19P0213","5882"
"BD19P0214","5883"
"BD19P0215","5884"
"BD19P0218","3919"
"BD19P0219","5632"
"BD19P0220","5885"
"BD19P0221","5886"
"BD19P0223","5887"
"BD19P0224","5888"
"BD19P0226","4315"
"BD19P0229","5889"
"BD19P0230","4313"
"BD19P0231","5890"
"BD19P0232","5891"
"BD19P0233","5892"
"BD19P0234","5893"
"BD19P0235","5894"
"BD19P0236","5895"
"BD19P0237","5896"
"BD19P0238","5897"
"BD19P0239","5898"
"BD19P0240","5899"
"BD19P0241","5900"
"BD19P0242","5901"
"BD19P0243","5902"
"BD19P0244","5903"
"BD19P0248","4371"
"BD19P0249","4370"
"BD19P0250","5904"
"BD19P0250","3913"
"BD19P0251","4144"
"BD19U0246","1930"
"BD19U0247","1921"
"BD20P0252","5419"
"BD20P0253","5420"
"BD20P0254","5421"
"BD20P0255","5422"
"BD20P0256","5423"
"BD20P0257","5424"
"BD20P0258","5425"
"BD20P0259","5426"
"BD20P0260","5427"
"BD20P0261","5428"
"BD20P0262","5429"
"BD20P0263","5430"
"BD20P0264","5431"
"BD20P0265","5432"
"BD20P0266","5433"
"BD20P0267","5434"
"BD20P0268","5435"
"BD20P0269","5436"
"BD20P0270","5437"
"BD20P0271","5438"
"BD20P0272","5439"
"BD20P0273","5440"
"BD20P0274","5441"
"BD20P0275","5442"
"BD20P0276","5443"
"BD20P0277","5444"
"BD20P0278","5445"
"BD20P0279","5446"
"BD20P0280","5447"
"BD20P0281","5448"
"BD20P0282","5449"
"BD20P0283","5450"
"BD20P0284","5451"
"BD20P0285","5452"
"BD20U0001","5779"
"BD20U0286","5607"
"BD21P0286","6266"
"BD21P0287","6267"
"BD21P0288","6268"
"BD21P0289","6269"
"BD21P0290","6270"
"BD21P0291","6271"
"BD21P0292","6272"
"BD21P0293","6273"
"BD21P0294","6274"
"BD21P0295","6275"
"BD21P0296","6276"
"BD21P0297","6277"
"BD21P0298","6278"
"BD21P0299","6279"
"BD21P0300","6280"
"BD21P0301","6281"
"BD21P0302","6282"
"BD21P0303","6514"
"BD21P0304","6284"
"BD21P0305","6285"
"BD21P0306","6286"
"BD21P0307","6287"
"BD21P0308","6288"
"BD21P0309","6289"
"BD21P0310","6290"
"BD21P0311","6291"
"BD21P0312","6292"
"BD21P0313","6293"
"BD21P0314","6294"
"BD21P0315","6295"
"BD21P0316","6296"
"BD21P0317","6297"
"BD21P0318","6298"
"BD21P0319","6299"
"BD21P0320","6300"
"BD21P0321","6301"
"BD21P0322","6790"
"BD21P0323","6702"
"BD21P0324","6703"
"BD21P0325","6791"
"BD21P0326","6792"
"BD21P0327","6793"
"BD21P0328","6794"
"BD21P0329","6795"
"BD21P0330","6704"
"BD22P0331","7300"
"BD22P0332","7301"
"BD22P0333","7302"
"BD22P0334","7303"
"BD22P0335","7304"
"BD22P0336","7305"
"BD22P0337","7306"
"BD22P0338","7307"
"BD22P0339","7308"
"BD22P0340","7309"
"BD22P0341","7310"
"BD22P0342","7311"
"BD22P0343","7647"
"BD22P0344","7648"
"BD22P0345","7649"
"BD22P0346","7650"
"BD22P0347","7651"
"BD22P0348","7652"
"BD22P0349","7653"
"BD23P0350","8092"
"BD23P0351","8093"
"BD23P0352","8094"
"BD23P0353","8095"
"BD23P0354","8096"
"BD23P0355","8097"
"BD23P0356","8098"
"BD23P0357","8099"
"BD23P0358","8100"
"BD23P0359","8101"
"BD23P0360","8102"
"BD23P0361","8103"
"BD23P0362","8104"
"BD23P0363","8105"
"BD23P0364","8106"
"BD23P0365","8107"
"BD23P0366","8108"
"BD23S0001","8377"
"BD24P0367","8524"
"BD24P0368","8525"
"BD24P0369","8526"
"BD24P0370","8527"
"BD24P0371","8528"
"BD24P0372","8529"
"BD24P0373","8530"
"BD24P0374","8531"
"BD24P0375","8532"
"BD24P0376","8533"
"BD24P0377","8534"
"BD24P0378","8640"
"BD24P0379","8744"
"BD24P0380","8765"
"BD24P0381","8755"
"BD25G0392","9042"
"BD25G0393","9043"
"BD25G0394","9044"
"BD25G0397","9045"
"BD25G0402","9046"
"BD25G0404","9047"
"BD25G0405","9048"
"BD25G0406","9049"
"BD25G0407","9050"
"BD25P0382","9051"
"BD25P0383","9052"
"BD25P0384","9053"
"BD25P0385","9054"
"BD25P0386","9055"
"BD25P0387","9056"
"BD25P0388","9057"
"BD25P0389","9058"
"BD25P0390","9059"
"BD25P0391","9060"
"BD25P0401","9061"
"BI23U0001","8460"
"BI23U0002","8461"
"BL22P0001","7877"
"BT19U0001","8284"
"BV23S0001","8387"
"DN16P0001","848"
"DN16P0002","841"
"DN16P0009","3916"
"DN16P0032","3664"
"DN17P0044","783"
"DN17P0066","778"
"DN17P0087","1939"
"DN17P0089","1940"
"DN17P0103","843"
"DN17P0107","849"
"DN17P0108","846"
"DN17P0112","850"
"DN17P0114","805"
"DN17P0115","782"
"DN17P0120","800"
"DN17P0133","2540"
"DN17P0133","2539"
"DN17P0134","790"
"DN17P0135","784"
"DN17P0139","793"
"DN17P0143","794"
"DN17P0144","2725"
"DN17P0144","789"
"DN17P0152","1606"
"DN17P0152","1032"
"DN17P0153","1024"
"DN17P0160","842"
"DN17P0161","4320"
"DN17P0164","840"
"DN17P0166","1026"
"DN17P0169","839"
"DN17P0176","1027"
"DN17P0177","1031"
"DN17P0179","4968"
"DN17P0188","851"
"DN17P0189","1029"
"DN17P0195","1028"
"DN17P0199","2541"
"DN17P0206","2542"
"DN17P0207","2543"
"DN17P0213","1023"
"DN17P0214","852"
"DN17P0215","2544"
"DN17P0217","853"
"DN17P0217","3466"
"DN17P0219","786"
"DN17P0222","1620"
"DN17P0225","1935"
"DN17P0226","4475"
"DN17P0227","1387"
"DN17P0228","1388"
"DN17P0230","1936"
"DN17P0231","4476"
"DN17P0232","1390"
"DN17P0233","1814"
"DN17P0235","1938"
"DN17P0237","1941"
"DN17P0238","1943"
"DN17P0240","1391"
"DN17P0240","5783"
"DN18P0242","4282"
"DN18P0248","816"
"DN18P0253","4319"
"DN18P0260","2724"
"DN18P0262","822"
"DN18P0265","4992"
"DN18P0266","4993"
"DN18P0267","826"
"DN18P0271","4994"
"DN18P0272","1594"
"DN18P0272","2545"
"DN18P0276","5093"
"DN18P0276","833"
"DN18P0280","837"
"DN18P0282","855"
"DN18P0284","857"
"DN18P0285","858"
"DN18P0294","3663"
"DN18P0295","868"
"DN18P0296","870"
"DN18P0297","3643"
"DN18P0304","2546"
"DN18P0308","2547"
"DN18P0309","1392"
"DN18P0310","5684"
"DN18P0311","1942"
"DN18P0312","1393"
"DN19P0314","3572"
"DN19P0316","4995"
"DN19P0318","4996"
"DN19P0321","3672"
"DN19P0322","4997"
"DN19P0323","4321"
"DN19P0329","3904"
"DN19P0333","3906"
"DN19P0336","1807"
"DN19P0338","2548"
"DN19P0340","3650"
"DN19P0340","4998"
"DN19P0344","4322"
"DN19P0347","6543"
"DN19P0356","3496"
"DN19P0357","6544"
"DN19P0358","3903"
"DN19P0360","6948"
"DN19P0371","3905"
"DN19P0373","6541"
"DN19U0001","3555"
"DN19U0002","3556"
"DN20P0373","5266"
"DN20P0374","5267"
"DN20P0375","5268"
"DN20P0376","5269"
"DN20P0377","5270"
"DN20P0378","5271"
"DN20P0379","5272"
"DN20P0380","5273"
"DN20P0381","5274"
"DN20P0382","5275"
"DN20P0383","5276"
"DN20P0384","5277"
"DN20P0385","5278"
"DN20P0386","5279"
"DN20P0387","5280"
"DN20P0388","5281"
"DN20P0389","5282"
"DN20P0390","5283"
"DN20P0391","5284"
"DN20P0392","5285"
"DN20P0393","5286"
"DN20P0394","5287"
"DN20P0395","5288"
"DN20P0396","5289"
"DN20P0397","5290"
"DN20P0398","5291"
"DN20P0399","5292"
"DN20P0400","5293"
"DN20P0401","5294"
"DN20P0402","5295"
"DN20P0403","5296"
"DN20P0404","5297"
"DN20P0405","5298"
"DN20P0406","5299"
"DN20P0407","5300"
"DN20P0408","5651"
"DN20P0409","5649"
"DN20P0410","5650"
"DN20P0411","6191"
"DN20P0413","5653"
"DN20P0414","5646"
"DN20P0415","5647"
"DN20P0416","5648"
"DN21P0007","5652"
"DN21P0417","6302"
"DN21P0418","6303"
"DN21P0419","6304"
"DN21P0420","6305"
"DN21P0421","6306"
"DN21P0422","6307"
"DN21P0423","6308"
"DN21P0424","6309"
"DN21P0425","6310"
"DN21P0426","6311"
"DN21P0427","6312"
"DN21P0428","6313"
"DN21P0429","6314"
"DN21P0430","6315"
"DN21P0431","6316"
"DN21P0432","6317"
"DN21P0433","6318"
"DN21P0434","6319"
"DN21P0435","6320"
"DN21P0436","6321"
"DN21P0437","6322"
"DN21P0438","6323"
"DN21P0439","6324"
"DN21P0440","6325"
"DN21P0441","6326"
"DN21P0442","6700"
"DN21P0443","6701"
"DN21P0444","6796"
"DN21P0445","6691"
"DN21P0446","6797"
"DN21P0447","6692"
"DN21P0448","6693"
"DN21P0449","6694"
"DN21P0450","6798"
"DN21P0451","6799"
"DN21P0452","6695"
"DN21P0453","6800"
"DN21P0454","6801"
"DN21P0455","6696"
"DN21P0456","6697"
"DN21P0457","6698"
"DN21P0458","6699"
"DN21P0459","6802"
"DN22P0460","7319"
"DN22P0461","7320"
"DN22P0462","7321"
"DN22P0463","7322"
"DN22P0464","7323"
"DN22P0465","7324"
"DN22P0466","7325"
"DN22P0467","7326"
"DN22P0468","7327"
"DN22P0469","7328"
"DN22P0470","7329"
"DN22P0471","7330"
"DN22P0472","7331"
"DN22P0473","7332"
"DN22P0474","7333"
"DN22P0475","7458"
"DN22P0476","7689"
"DN22P0477","7690"
"DN22P0478","7691"
"DN22P0479","7692"
"DN22P0480","7693"
"DN22U0003","7798"
"DN23P0481","8065"
"DN23P0482","8066"
"DN23P0483","8067"
"DN23P0484","8068"
"DN23P0485","8069"
"DN23P0486","8070"
"DN23P0487","8071"
"DN23P0488","8072"
"DN23P0489","8073"
"DN23P0490","8074"
"DN23P0491","8075"
"DN23P0492","8076"
"DN23P0493","8077"
"DN23P0494","8078"
"DN23P0495","8079"
"DN23P0496","8080"
"DN23P0497","8081"
"DN23P0498","8082"
"DN23P0499","8083"
"DN23P0500","8084"
"DN23P0501","8085"
"DN23P0502","8086"
"DN23P0503","8087"
"DN23P0504","8088"
"DN23P0505","8089"
"DN23P0506","8090"
"DN23P0507","8091"
"DN23P0508","8165"
"DN23P0509","8166"
"DN24P0510","8579"
"DN24P0511","8580"
"DN24P0512","8581"
"DN24P0513","8582"
"DN24P0514","8583"
"DN24P0515","8584"
"DN24P0516","8585"
"DN24P0517","8586"
"DN24P0518","8587"
"DN24P0519","8588"
"DN24P0520","8589"
"DN24P0521","8590"
"DN24P0522","8591"
"DN24P0523","8592"
"DN24P0524","8593"
"DN24P0525","8594"
"DN24P0526","8595"
"DN24P0527","8596"
"DN24P0528","8645"
"DN24P0529","8746"
"DN24P0530","8747"
"DN25G0549","9062"
"DN25G0550","9063"
"DN25G0551","9064"
"DN25G0552","9065"
"DN25G0553","9066"
"DN25G0555","9067"
"DN25G0556","9068"
"DN25P0531","9069"
"DN25P0533","9070"
"DN25P0534","9071"
"DN25P0535","9072"
"DN25P0536","9073"
"DN25P0537","9074"
"DN25P0538","9075"
"DN25P0539","9076"
"DN25P0540","9077"
"DN25P0541","9078"
"DN25P0542","9079"
"DN25P0543","9080"
"DN25P0544","9081"
"DN25P0545","9082"
"DN25P0546","9083"
"DN25P0547","9084"
"DN25P0548","9085"
"DT15P0436","4750"
"DT15P0436","3787"
"DT15P0438","4748"
"DT15P0438","3726"
"DT15P0445","3771"
"DT15P0445","4743"
"DT15P0451","3689"
"DT15P0451","4739"
"DT15P0454","4219"
"DT15P0454","4744"
"DT15P0455","3690"
"DT15P0455","4741"
"DT15P0460","3770"
"DT15P0460","4742"
"DT15P0461","3772"
"DT15P0464","4745"
"DT15P0464","3693"
"DT16P0467","5691"
"DT16P0468","4040"
"DT16P0470","4737"
"DT16P0471","4746"
"DT16P0473","4041"
"DT16P0476","4195"
"DT16P0477","4738"
"DT16P0478","4042"
"DT16P0480","3408"
"DT16P0481","4079"
"DT16P0482","3387"
"DT16P0483","4214"
"DT16P0485","3892"
"DT16P0486","3890"
"DT16P0487","3393"
"DT16P0488","4080"
"DT16P0489","3856"
"DT16P0490","4179"
"DT16P0493","3858"
"DT16P0494","3390"
"DT16P0495","3855"
"DT16P0498","4018"
"DT16P0499","3891"
"DT16P0500","4082"
"DT16P0502","4081"
"DT16P0504","4017"
"DT16P0507","3857"
"DT16P0508","3399"
"DT16P0511","4020"
"DT16P0512","4182"
"DT16P0519","3873"
"DT16P0521","4181"
"DT17P0533","3779"
"DT17P0536","3710"
"DT18P0541","4694"
"DT18P0544","3420"
"DT18P0546","3976"
"DT18P0547","3422"
"DT18P0548","3419"
"DT18P0549","4100"
"DT18P0551","3421"
"DT18P0551","4733"
"DT18P0555","3797"
"DT18P0556","4151"
"DT18P0557","4152"
"DT18P0558","3977"
"DT18P0559","3392"
"DT18P0560","3859"
"DT18P0561","3860"
"DT18P0562","3861"
"DT18P0563","3862"
"DT18P0564","3863"
"DT18P0565","3864"
"DT18P0566","4754"
"DT18P0568","3865"
"DT18P0569","3866"
"DT18P0570","3867"
"DT18P0571","3389"
"DT18P0572","3391"
"DT18P0573","3868"
"DT18P0574","5844"
"DT18P0576","6089"
"DT18P0581","3400"
"DT18P0582","3869"
"DT18P0583","3870"
"DT18P0584","3871"
"DT18P0586","4021"
"DT18P0588","3874"
"DT18P0589","5690"
"DT18P0590","4183"
"DT18P0591","4022"
"DT18P0592","4184"
"DT18P0593","4059"
"DT18P0594","4060"
"DT18P0595","4107"
"DT18P0596","4061"
"DT18P0597","4678"
"DT18P0598","3886"
"DT18P0599","4208"
"DT18P0600","4062"
"DT18P0601","4063"
"DT18P0602","4064"
"DT18P0603","4105"
"DT18P0604","4209"
"DT18P0605","3887"
"DT18P0606","3893"
"DT20P0607","5799"
"DT20P0608","5800"
"DT20P0609","5801"
"DT20P0610","5795"
"DT20P0611","5796"
"DT20P0612","5802"
"DT20P0613","5803"
"DT20P0614","5735"
"DT20P0615","5804"
"DT20P0616","5805"
"DT20P0617","5797"
"DT20P0618","5806"
"DT20P0619","5736"
"DT20P0620","5737"
"DT20P0621","5738"
"DT20P0622","5739"
"DT20P0623","5740"
"DT20P0624","5741"
"DT20P0625","5742"
"DT20P0626","5743"
"DT20P0627","5744"
"DT20P0628","5745"
"DT20P0629","5711"
"DT20P0630","5845"
"DT20P0631","5747"
"DT20P0632","5810"
"DT20P0633","5748"
"DT20P0634","5749"
"DT20P0635","5750"
"DT20P0636","5751"
"DT20P0637","5811"
"DT20P0638","5752"
"DT20P0639","5753"
"DT20P0640","5754"
"DT20P0641","5835"
"DT20P0642","5755"
"DT20P0643","5756"
"DT20P0644","5757"
"DT20P0645","6083"
"DT20P0646","5836"
"DT20P0647","5758"
"DT20P0648","5759"
"DT20P0649","5760"
"DT20P0650","5761"
"DT20P0651","6091"
"DT20P0652","5762"
"DT20P0653","5807"
"DT20P0654","5763"
"DT20P0655","5764"
"DT20P0656","5808"
"DT20P0657","5809"
"DT20P0658","5777"
"DT20P0659","5766"
"DT20P0660","5812"
"DT20P0661","5846"
"DT20P0662","5767"
"DT20P0663","5798"
"DT20T0007","5765"
"DT20T0008","5776"
"DT20T0010","5746"
"DT20T0012","5712"
"DT20U0001","3386"
"DT21P0664","7345"
"DT21P0665","7346"
"DT21P0666","7347"
"DT21P0667","7348"
"DT21P0668","7349"
"DT21P0669","7350"
"DT21P0670","7351"
"DT21P0671","7352"
"DT21P0672","7353"
"DT21P0673","7354"
"DT21P0674","7355"
"DT21P0675","7356"
"DT21P0676","7357"
"DT21P0677","7358"
"DT21P0678","7359"
"DT21P0679","7360"
"DT21P0680","7361"
"DT21P0681","7362"
"DT21P0682","7363"
"DT21P0683","7364"
"DT21P0684","7365"
"DT21P0685","7366"
"DT21P0686","7367"
"DT22P0689","7813"
"DT22P0690","7823"
"DT22P0692","7818"
"DT22P0693","7827"
"DT22P0694","7821"
"DT22P0695","7819"
"DT22P0696","7820"
"DT22P0697","7825"
"DT22P0698","7817"
"DT22P0699","7829"
"DT22P0700","7824"
"DT22P0701","7815"
"DT22P0702","7828"
"DT22P0703","7814"
"DT22P0704","7816"
"DT22P0705","7822"
"DT22P0706","7826"
"DT22P0707","7830"
"DT22P0708","7837"
"DT22P0709","7838"
"DT22P0710","7835"
"DT22P0711","7839"
"DT22P0712","7840"
"DT22P0713","7834"
"DT22P0714","7841"
"DT22P0715","7831"
"DT22P0716","7832"
"DT22P0717","7833"
"DT22P0718","7836"
"DT22P0719","7842"
"DT22P0720","7843"
"DT22P0721","7851"
"DT22P0722","7845"
"DT22P0723","7850"
"DT22P0724","7849"
"DT22P0725","7847"
"DT22P0726","7846"
"DT22P0727","7844"
"DT22P0728","7848"
"DT22P0729","7852"
"DT22P0730","7855"
"DT22P0731","7856"
"DT22P0732","7857"
"DT22P0733","7861"
"DT22P0734","7862"
"DT22P0735","7864"
"DT22P0736","7863"
"DT22P0737","7860"
"DT22P0738","7858"
"DT22P0739","7866"
"DT22P0740","7859"
"DT23P0687","8396"
"DT23P0688","8397"
"DT23P0741","8398"
"DT23P0742","8399"
"DT23P0743","8400"
"DT23P0744","8401"
"DT23P0745","8402"
"DT23P0746","8403"
"DT23P0747","8404"
"DT23P0748","8405"
"DT23P0749","8406"
"DT23P0750","8408"
"DT23P0751","8409"
"DT23P0752","8410"
"DT23P0753","8411"
"DT23P0754","8412"
"DT23P0755","8414"
"DT23P0756","8415"
"DT23P0757","8416"
"DT23P0758","8417"
"DT23P0759","8418"
"DT23P0760","8419"
"DT23P0761","8420"
"DT23P0762","8421"
"DT23P0763","8422"
"DT23P0764","8423"
"DT23P0765","8424"
"DT23P0766","8425"
"DT23P0767","8426"
"DT23P0768","8427"
"DT23P0769","8428"
"DT23P0770","8429"
"DT23P0771","8430"
"DT23P0772","8431"
"DT23P0773","8432"
"DT23P0774","8433"
"DT23P0775","8434"
"DT23P0776","8435"
"DT23P0777","8436"
"DT23P0778","8437"
"DT23P0779","8438"
"DT23P0780","8439"
"DT23P0781","8440"
"DT23P0782","8441"
"DT23P0783","8442"
"DT23P0784","8443"
"DT23P0785","8444"
"DT23P0786","8445"
"DT23P0787","8447"
"DT23P0788","8448"
"DT23P0789","8449"
"DT23P0790","8450"
"DT23P0791","8452"
"DT23P0792","8453"
"DT23P0793","8454"
"DT23P0794","8455"
"DT23P0795","8456"
"DT23P0796","8457"
"DT23P0797","8458"
"DT23P0798","8446"
"DT23P0799","8407"
"DT23P0800","8451"
"DT23P0801","8413"
"DT23P0802","8498"
"DT24P0803","8948"
"DT24P0804","8949"
"DT24P0805","8950"
"DT24P0806","8951"
"DT24P0807","8952"
"DT24P0808","8953"
"DT24P0809","8954"
"DT24P0810","8955"
"DT24P0811","8956"
"DT24P0812","8957"
"DT24P0813","8958"
"DT24P0814","8959"
"DT24P0815","8960"
"DT24P0816","8961"
"DT24P0817","8962"
"DT24P0818","8963"
"DT24P0819","8964"
"DT24P0820","8965"
"DT24P0821","8966"
"DT24P0822","8967"
"DT24P0823","8968"
"DT24P0824","8969"
"DT24P0825","8970"
"DT24P0826","8971"
"DT24P0827","8972"
"DT24P0828","8973"
"DT24P0829","8974"
"DT24P0830","8975"
"DT24P0831","8976"
"DT24P0832","8977"
"DT24P0833","8978"
"DT24P0834","8947"
"DT24P0835","8985"
"DT24P0836","8986"
"DT24P0837","8987"
"DT24P0838","8988"
"DT24P0839","8989"
"DT24P0840","8990"
"HU16P0006","350"
"HU16P0011","1060"
"HU16P0014","349"
"HU16P0022","2549"
"HU16P0024","335"
"HU16P0045","339"
"HU16P0047","345"
"HU17P0017","4477"
"HU17P0023","4478"
"HU17P0024","4479"
"HU17P0047","384"
"HU17P0048","4480"
"HU17P0052","352"
"HU17P0056","4481"
"HU17P0076","343"
"HU17P0099","355"
"HU17P0109","346"
"HU17P0125","2550"
"HU17P0128","2551"
"HU17P0129","347"
"HU17P0130","2552"
"HU17P0132","4482"
"HU17P0139","4363"
"HU17P0140","2554"
"HU17P0141","362"
"HU17P0143","1607"
"HU17P0144","2555"
"HU17P0145","4483"
"HU17P0146","363"
"HU17P0148","336"
"HU17P0150","340"
"HU17P0151","2556"
"HU17P0153","341"
"HU17P0156","4484"
"HU17P0157","338"
"HU17P0160","4364"
"HU17P0161","4365"
"HU17P0164","5908"
"HU17P0165","5909"
"HU17P0166","2557"
"HU17P0171","354"
"HU17P0172","4485"
"HU17P0179","5910"
"HU17P0181","366"
"HU17P0183","365"
"HU17P0185","364"
"HU17P0188","2038"
"HU17P0189","1395"
"HU17P0190","1396"
"HU17P0191","2041"
"HU17P0194","2042"
"HU17P0195","1397"
"HU17P0196","1398"
"HU17P0197","2043"
"HU17P0199","4240"
"HU17P0200","2044"
"HU17P0201","1400"
"HU17P0203","1622"
"HU17P0204","2045"
"HU17P0207","1402"
"HU17P0208","2047"
"HU17P0209","1403"
"HU18P0031","4630"
"HU18P0037","4631"
"HU18P0045","4633"
"HU18P0210","4985"
"HU18P0212","760"
"HU18P0213","4378"
"HU18P0214","761"
"HU18P0214","5000"
"HU18P0215","4367"
"HU18P0225","1593"
"HU18P0232","2558"
"HU18P0234","4366"
"HU18P0236","6546"
"HU18P0240","1894"
"HU18P0241","315"
"HU18P0243","1580"
"HU18P0244","1582"
"HU18P0246","319"
"HU18P0247","1587"
"HU18P0248","321"
"HU18P0249","4632"
"HU18P0250","5001"
"HU18P0251","5475"
"HU18P0252","1583"
"HU18P0253","324"
"HU18P0258","1584"
"HU18P0260","3936"
"HU18P0263","5002"
"HU18P0264","1404"
"HU18P0265","2039"
"HU18P0266","2040"
"HU18P0267","1405"
"HU18P0268","1406"
"HU18P0269","1407"
"HU18P0270","1408"
"HU19P0271","2560"
"HU19P0271","5914"
"HU19P0274","5915"
"HU19P0275","5916"
"HU19P0277","4662"
"HU19P0277","5917"
"HU19P0278","4368"
"HU19P0286","2561"
"HU19P0287","1795"
"HU19P0288","5918"
"HU19P0290","3479"
"HU19P0291","5919"
"HU19P0294","4224"
"HU19P0298","4137"
"HU19P0300","5920"
"HU19P0302","4377"
"HU19P0304","5479"
"HU19P0306","5477"
"HU19P0308","3648"
"HU19P0309","3652"
"HU19P0310","3651"
"HU19P0311","3654"
"HU19P0313","5478"
"HU19P0314","5476"
"HU19P0315","3915"
"HU19P0317","5003"
"HU19P0320","5004"
"HU19P0321","3649"
"HU19P0324","2562"
"HU19P0326","2563"
"HU19P0327","2564"
"HU19P0328","3646"
"HU19P0331","2565"
"HU19P0332","2566"
"HU19P0333","4663"
"HU19P0334","2567"
"HU19P0334","5921"
"HU19P0335","3645"
"HU19P0337","3644"
"HU19P0337","2568"
"HU19P0339","5922"
"HU19P0340","2569"
"HU19P0342","3917"
"HU19P0342","2570"
"HU19P0344","2571"
"HU19P0346","1785"
"HU19P0349","2572"
"HU19P0350","4362"
"HU19P0353","5480"
"HU20P0356","5192"
"HU20P0357","5193"
"HU20P0358","5194"
"HU20P0359","5195"
"HU20P0360","5196"
"HU20P0361","5197"
"HU20P0362","5198"
"HU20P0363","5199"
"HU20P0364","5200"
"HU20P0365","5201"
"HU20P0366","5202"
"HU20P0367","5203"
"HU20P0368","5204"
"HU20P0369","5205"
"HU20P0370","5206"
"HU20P0371","5207"
"HU20P0372","5208"
"HU20P0373","5209"
"HU20P0374","5210"
"HU20P0375","5211"
"HU20P0376","5212"
"HU20P0377","5213"
"HU20P0378","5214"
"HU20P0379","5215"
"HU20P0380","5216"
"HU20P0381","5217"
"HU20P0382","5218"
"HU20P0383","5219"
"HU20P0384","5220"
"HU20P0385","5221"
"HU20P0386","5222"
"HU20P0387","5223"
"HU20P0388","5224"
"HU20P0389","5225"
"HU20P0390","5226"
"HU20P0391","5227"
"HU20P0392","5228"
"HU20P0393","5229"
"HU20P0394","5230"
"HU20P0395","5231"
"HU20P0396","5232"
"HU20P0397","5233"
"HU20P0398","5234"
"HU20P0399","5235"
"HU20P0400","5236"
"HU20P0402","5238"
"HU20P0403","5239"
"HU20P0404","5240"
"HU20P0405","5241"
"HU20P0406","5242"
"HU20P0407","5243"
"HU20P0408","5244"
"HU20P0409","5245"
"HU20P0410","5246"
"HU20P0411","5247"
"HU20P0412","5248"
"HU20P0413","5249"
"HU20P0414","5250"
"HU20P0415","5251"
"HU20P0416","5252"
"HU20P0417","5253"
"HU20P0418","5254"
"HU20P0419","5255"
"HU20P0420","5256"
"HU20P0421","5257"
"HU20P0422","5258"
"HU20P0423","5259"
"HU20P0424","5260"
"HU20P0425","5261"
"HU20P0426","5262"
"HU20P0427","5263"
"HU20P0428","5264"
"HU20P0429","5265"
"HU20P0430","5678"
"HU20P0431","5680"
"HU20P0432","5681"
"HU20P0433","5679"
"HU20P0434","5676"
"HU20P0435","5677"
"HU20P0437","5674"
"HU20P0438","5673"
"HU20P0439","5672"
"HU20P0440","5682"
"HU20P0441","5683"
"HU21P0004","5675"
"HU21P0442","6460"
"HU21P0443","6461"
"HU21P0444","6462"
"HU21P0445","6463"
"HU21P0446","6464"
"HU21P0447","6465"
"HU21P0448","6466"
"HU21P0449","6467"
"HU21P0450","6468"
"HU21P0451","6469"
"HU21P0452","6470"
"HU21P0453","6471"
"HU21P0454","6472"
"HU21P0455","6473"
"HU21P0456","6474"
"HU21P0457","6475"
"HU21P0458","6476"
"HU21P0459","6477"
"HU21P0460","6478"
"HU21P0461","6479"
"HU21P0462","6480"
"HU21P0463","6481"
"HU21P0464","6482"
"HU21P0465","6483"
"HU21P0466","6484"
"HU21P0467","6485"
"HU21P0468","6486"
"HU21P0469","6487"
"HU21P0470","6488"
"HU21P0471","6489"
"HU21P0472","6490"
"HU21P0473","6491"
"HU21P0474","6492"
"HU21P0475","6493"
"HU21P0476","6494"
"HU21P0477","6495"
"HU21P0478","6496"
"HU21P0479","6497"
"HU21P0480","6498"
"HU21P0481","6499"
"HU21P0482","6500"
"HU21P0483","6501"
"HU21P0484","6502"
"HU21P0485","6503"
"HU21P0486","6504"
"HU21P0487","6505"
"HU21P0488","6506"
"HU21P0489","6507"
"HU21P0490","6722"
"HU21P0491","6846"
"HU21P0492","6847"
"HU21P0493","6848"
"HU21P0494","6849"
"HU21P0495","6723"
"HU21P0496","6850"
"HU21P0497","6851"
"HU21P0498","6852"
"HU21P0499","6853"
"HU21P0500","6854"
"HU21P0501","6855"
"HU21P0502","6856"
"HU21P0503","6857"
"HU21P0504","6858"
"HU21P0505","6859"
"HU22P0506","7234"
"HU22P0507","7235"
"HU22P0508","7236"
"HU22P0509","7237"
"HU22P0510","7238"
"HU22P0511","7239"
"HU22P0512","7240"
"HU22P0513","7241"
"HU22P0514","7242"
"HU22P0515","7243"
"HU22P0516","7244"
"HU22P0517","7245"
"HU22P0519","7246"
"HU22P0520","7247"
"HU22P0521","7248"
"HU22P0522","7249"
"HU22P0523","7250"
"HU22P0524","7251"
"HU23P0525","8119"
"HU23P0526","8120"
"HU23P0527","8121"
"HU23P0528","8122"
"HU23P0529","8123"
"HU23P0530","8124"
"HU23P0531","8125"
"HU23P0532","8126"
"HU23P0533","8127"
"HU23P0534","8128"
"HU23P0535","8129"
"HU23P0536","8130"
"HU23P0537","8131"
"HU23P0538","8132"
"HU23P0539","8133"
"HU23P0540","8134"
"HU23P0541","8135"
"HU23P0542","8136"
"HU23P0543","8137"
"HU23P0544","8138"
"HU23P0545","8139"
"HU23P0546","8140"
"HU23P0547","8141"
"HU23P0548","8142"
"HU23P0549","8143"
"HU23P0550","8144"
"HU23P0551","8145"
"HU23P0552","8146"
"HU23P0553","8147"
"HU23P0554","8148"
"HU23P0555","8149"
"HU23P0556","8150"
"HU23P0557","8151"
"HU23P0558","8152"
"HU23P0559","8153"
"HU23P0560","8154"
"HU23P0561","8155"
"HU23P0562","8164"
"HU23S0001","8376"
"HU24P0563","8597"
"HU24P0564","8598"
"HU24P0565","8599"
"HU24P0566","8600"
"HU24P0567","8601"
"HU24P0568","8602"
"HU24P0569","8603"
"HU24P0570","8604"
"HU24P0571","8605"
"HU24P0572","8606"
"HU24P0573","8607"
"HU24P0574","8608"
"HU24P0575","8643"
"HU24P0576","8644"
"HU24P0577","8743"
"HU25G0591","9086"
"HU25G0592","9087"
"HU25G0594","9088"
"HU25G0596","9089"
"HU25G0597","9090"
"HU25P0578","9091"
"HU25P0579","9092"
"HU25P0580","9093"
"HU25P0581","9094"
"HU25P0582","9095"
"HU25P0583","9096"
"HU25P0584","9097"
"HU25P0585","9098"
"HU25P0586","9099"
"HU25P0587","9100"
"HU25P0588","9101"
"HU25P0589","9102"
"JP24P0002","8500"
"JP24P0003","8501"
"JP24P0004","8502"
"JP24P0005","8503"
"KH24U0001","8937"
"LA19U0002","3520"
"LA19U0003","3521"
"LA23U0004","8392"
"LD19U0001","3938"
"LD19U0002","3939"
"NA17P0004","4486"
"NA17P0005","4487"
"NA17P0006","1070"
"NA17P0008","1072"
"NA17P0011","4488"
"NA17P0015","4489"
"NA17P0017","4490"
"NA17P0018","4491"
"NA17P0021","4492"
"NA17P0022","5923"
"NA17P0023","5924"
"NA17P0024","637"
"NA17P0027","4493"
"NA17P0028","4494"
"NA17P0031","5925"
"NA17P0032","4495"
"NA17P0033","4496"
"NA17P0036","4497"
"NA17P0038","4498"
"NA17P0039","5926"
"NA17P0040","5927"
"NA17P0041","4677"
"NA17P0043","4327"
"NA17P0044","2575"
"NA17P0048","2576"
"NA17P0049","2577"
"NA17P0054","5928"
"NA17P0055","5929"
"NA17P0056","5930"
"NA17P0059","2578"
"NA17P0061","4499"
"NA17P0063","4500"
"NA17P0064","662"
"NA17P0065","4501"
"NA17P0066","671"
"NA17P0068","1065"
"NA17P0069","4502"
"NA17P0071","4503"
"NA17P0073","4504"
"NA17P0074","4505"
"NA17P0075","2579"
"NA17P0076","4506"
"NA17P0077","2580"
"NA17P0078","669"
"NA18P0082","2581"
"NA18P0083","6521"
"NA18P0084","4634"
"NA18P0085","4227"
"NA18P0086","4326"
"NA18P0087","6522"
"NA18P0089","6523"
"NA18P0090","4635"
"NA18P0093","6524"
"NA18P0094","6525"
"NA18P0095","4325"
"NA18P0096","212"
"NA18P0101","6528"
"NA18P0102","3679"
"NA18P0103","4328"
"NA18P0104","6529"
"NA18P0105","6530"
"NA18P0106","4329"
"NA18P0107","4330"
"NA18P0108","6531"
"NA18P0112","4331"
"NA18P0114","3923"
"NA18P0115","4238"
"NA18P0115","206"
"NA18P0116","6532"
"NA18P0117","6533"
"NA18P0118","6534"
"NA18P0120","211"
"NA19P0121","5937"
"NA19P0122","5938"
"NA19P0123","5939"
"NA19P0124","5940"
"NA19P0125","5941"
"NA19P0126","5942"
"NA19P0127","6526"
"NA19P0128","5943"
"NA19P0129","5944"
"NA19P0130","4324"
"NA19P0131","3661"
"NA19P0132","4311"
"NA19P0133","5945"
"NA19P0134","6527"
"NA19P0135","5946"
"NA19P0136","5947"
"NA19P0140","5948"
"NA19P0141","4323"
"NA19P0143","2584"
"NA19P0144","2585"
"NA19P0145","5949"
"NA19P0146","6224"
"NA19P0147","6225"
"NA19P0148","3914"
"NA19P0150","5950"
"NA19P0151","6535"
"NA19P0152","1768"
"NA19P0153","5951"
"NA19P0155","2586"
"NA19P0156","5952"
"NA19P0157","5953"
"NA19P0158","5954"
"NA19P0159","6536"
"NA19P0160","6537"
"NA20P0161","5380"
"NA20P0162","5381"
"NA20P0164","5383"
"NA20P0165","5384"
"NA20P0166","5385"
"NA20P0167","5386"
"NA20P0168","5387"
"NA20P0169","5388"
"NA20P0170","5389"
"NA20P0171","5391"
"NA20P0172","5392"
"NA20P0173","5393"
"NA20P0174","5394"
"NA20P0175","5395"
"NA20P0176","5396"
"NA20P0177","5397"
"NA20P0178","5398"
"NA20P0179","5399"
"NA20P0180","5400"
"NA20P0181","5401"
"NA20P0182","5402"
"NA20P0183","5390"
"NA20P0184","5403"
"NA20P0185","5404"
"NA20P0186","5405"
"NA20P0187","5406"
"NA20P0188","5407"
"NA20P0189","5408"
"NA20P0190","5409"
"NA20P0191","5410"
"NA20P0192","5411"
"NA20P0193","5412"
"NA20P0194","5413"
"NA20P0195","5414"
"NA20P0196","5415"
"NA20P0197","5416"
"NA20P0198","5417"
"NA20P0199","5418"
"NA21P0200","6803"
"NA21P0201","6705"
"NA21P0202","6804"
"NA21P0203","6706"
"NA21P0204","6805"
"NA22P0218","8180"
"NA23P0205","8168"
"NA23P0206","8169"
"NA23P0207","8170"
"NA23P0208","8171"
"NA23P0209","8172"
"NA23P0210","8173"
"NA23P0211","8174"
"NA23P0212","8175"
"NA23P0213","8176"
"NA23P0214","8177"
"NA23P0215","8195"
"NA23P0216","8178"
"NA23P0217","8179"
"NA23P0219","8181"
"NA23P0220","8182"
"NA23P0221","8183"
"NA23P0222","8184"
"NA23P0223","8185"
"NA23P0224","8186"
"NA23P0225","8187"
"NA23P0226","8188"
"NA23P0227","8189"
"NA23P0228","8190"
"NA23P0229","8191"
"NA23P0230","8192"
"NA23P0231","8193"
"NA23P0232","8194"
"NA23P0233","8470"
"NA23P0234","8471"
"NA23P0235","8472"
"NA23P0236","8473"
"NA23P0237","8474"
"NA23P0238","8475"
"NA23P0239","8476"
"NA23P0240","8477"
"NA23P0241","8478"
"NA23P0242","8479"
"NA23P0243","8480"
"NA23P0244","8484"
"NA23P0245","8481"
"NA23P0246","8482"
"NA23P0247","8483"
"NA24P0248","9002"
"NA24P0249","9003"
"NA24P0250","9004"
"NA24P0251","9005"
"NA24P0252","9006"
"NA24P0253","9007"
"NA24P0254","9008"
"NA24P0255","9009"
"NA24P0256","9010"
"NA24P0257","9011"
"NA24P0258","9012"
"NA24P0259","9013"
"NA24P0260","9014"
"NA24P0261","9229"
"NA24P0262","9230"
"NA24P0263","9231"
"NA24P0264","9232"
"NA24P0265","9015"
"NA24P0266","9016"
"NA24P0267","9017"
"NA24P0268","9018"
"NA24P0269","9019"
"NA24P0270","9020"
"NA24P0271","9021"
"NA24P0272","9022"
"NA24P0273","9202"
"NA24P0274","9203"
"NA24P0275","9204"
"NA24P0276","9205"
"NA24P0277","9206"
"NA24P0278","9207"
"NA24P0279","9208"
"NA24P0280","9209"
"NA24P0281","9210"
"NA24P0282","9211"
"NA24P0283","9212"
"NA24P0284","9213"
"NA24P0285","9214"
"NA24P0286","9215"
"NA24P0287","9216"
"NA24P0288","9217"
"NA24P0289","9218"
"NA24P0290","9219"
"NA24P0291","9220"
"NA24P0292","9221"
"NA24P0293","9222"
"NA24P0294","9223"
"NA24P0295","9201"
"NA24P0296","9224"
"NA24P0297","9228"
"NA24P0298","9225"
"NA24P0299","9226"
"NA24P0300","9227"
"NT23U0001","8459"
"PY17P0002","4508"
"PY17P0004","4509"
"PY17P0005","1081"
"PY17P0007","605"
"PY17P0008","4510"
"PY17P0009","4511"
"PY17P0011","4512"
"PY17P0013","4513"
"PY17P0014","4514"
"PY17P0016","4515"
"PY17P0018","1957"
"PY17P0018","4516"
"PY17P0018","1079"
"PY17P0019","919"
"PY17P0020","1088"
"PY17P0021","589"
"PY17P0022","3655"
"PY17P0024","4517"
"PY17P0025","603"
"PY17P0026","587"
"PY17P0027","597"
"PY17P0028","609"
"PY17P0029","1533"
"PY17P0032","918"
"PY17P0035","4518"
"PY17P0036","582"
"PY17P0037","600"
"PY17P0038","2589"
"PY17P0038","4519"
"PY17P0039","4520"
"PY17P0040","2590"
"PY17P0041","4521"
"PY17P0042","2591"
"PY17P0043","2592"
"PY17P0044","4522"
"PY17P0046","613"
"PY17P0049","4523"
"PY17P0050","920"
"PY17P0051","598"
"PY17P0052","4524"
"PY17P0058","1409"
"PY17P0059","1410"
"PY17P0060","1944"
"PY17P0061","1945"
"PY17P0064","1947"
"PY17P0067","4525"
"PY17P0068","4526"
"PY17P0070","1414"
"PY17P0071","4527"
"PY17P0072","1951"
"PY17P0073","1952"
"PY17P0078","1417"
"PY17P0085","1418"
"PY17P0086","4528"
"PY17U0062","1946"
"PY17U0066","1950"
"PY17U0075","1420"
"PY17U0080","1954"
"PY17U0081","1955"
"PY17U0082","1956"
"PY17U0083","1421"
"PY18U0088","1423"
"PY18U0089","1618"
"PY18U0089","1948"
"PY18U0090","1424"
"PY18U0091","1425"
"PY18U0092","1426"
"PY21P0001","6707"
"PY21P0002","6708"
"PY21P0003","6806"
"PY21P0004","6807"
"PY21P0005","6808"
"PY21P0006","6709"
"PY21P0007","6809"
"PY21P0008","6810"
"PY21P0009","6812"
"PY21P0010","6811"
"PY22P0011","7312"
"PY22P0012","7313"
"PY22P0013","7314"
"PY22P0014","7315"
"PY22P0015","7316"
"PY22P0016","7317"
"PY22P0017","7318"
"PY22P0018","7174"
"PY22P0020","7176"
"PY22P0021","7669"
"PY22P0022","7670"
"PY22P0023","7671"
"PY22P0024","7672"
"PY22P0025","7673"
"PY22P0026","7674"
"PY22P0027","7675"
"PY22P0028","7676"
"PY23P0030","8109"
"PY23P0031","8110"
"PY23P0032","8111"
"PY23P0033","8112"
"PY23P0034","8113"
"PY23P0035","8114"
"PY23P0036","8115"
"PY23P0037","8116"
"PY23P0038","8117"
"PY23P0039","8118"
"PY23P0040","8167"
"PY23P0041","7175"
"PY23S0001","8378"
"PY23S0003","8386"
"PY24P0042","8523"
"PY24U0001","8939"
"PY25G0046","9103"
"PY25P0043","9104"
"PY25P0044","9105"
"PY25P0045","9106"
"QB16P0005","266"
"QB16P0025","265"
"QB16P0032","1105"
"QB16P0036","269"
"QB17P0014","4529"
"QB17P0021","4530"
"QB17P0039","1550"
"QB17P0039","4531"
"QB17P0042","4532"
"QB17P0056","4533"
"QB17P0058","4534"
"QB17P0059","4535"
"QB17P0061","4536"
"QB17P0062","4537"
"QB17P0071","4538"
"QB17P0075","4539"
"QB17P0078","1096"
"QB17P0083","4540"
"QB17P0097","4541"
"QB17P0101","4542"
"QB17P0103","4543"
"QB17P0106","4544"
"QB17P0108","4545"
"QB17P0109","4546"
"QB17P0111","4547"
"QB17P0114","4548"
"QB17P0119","4549"
"QB17P0120","4550"
"QB17P0122","4551"
"QB17P0123","4552"
"QB17P0124","4553"
"QB17P0137","4554"
"QB17P0144","4555"
"QB17P0163","4556"
"QB17P0164","4557"
"QB17P0167","1108"
"QB17P0170","711"
"QB17P0179","4558"
"QB17P0180","4559"
"QB17P0185","4560"
"QB17P0192","4561"
"QB17P0193","5955"
"QB17P0196","5956"
"QB17P0197","1551"
"QB17P0198","5957"
"QB17P0201","5958"
"QB17P0202","5959"
"QB17P0206","748"
"QB17P0208","4562"
"QB17P0209","4563"
"QB17P0211","5960"
"QB17P0215","5961"
"QB17P0216","5962"
"QB17P0218","4564"
"QB17P0220","4379"
"QB17P0220","4565"
"QB17P0222","1095"
"QB17P0223","4566"
"QB17P0224","292"
"QB17P0225","1099"
"QB17P0228","4335"
"QB17P0231","1101"
"QB17P0232","1098"
"QB17P0234","4338"
"QB17P0235","5963"
"QB17P0237","1104"
"QB17P0238","291"
"QB17P0239","1542"
"QB17P0240","5964"
"QB17P0240","4567"
"QB17P0242","5965"
"QB17P0244","258"
"QB17P0245","5966"
"QB17P0246","4374"
"QB17P0247","5967"
"QB17P0248","5968"
"QB17P0249","4568"
"QB17P0250","5969"
"QB17P0252","5970"
"QB17P0257","5971"
"QB17P0263","4569"
"QB17P0270","5972"
"QB17P0271","4570"
"QB17P0289","1958"
"QB17P0290","1427"
"QB17P0292","4571"
"QB17P0296","1431"
"QB17P0297","1961"
"QB17P0301","4572"
"QB18P0306","5005"
"QB18P0307","4373"
"QB18P0309","715"
"QB18P0310","4334"
"QB18P0312","717"
"QB18P0313","1540"
"QB18P0314","5006"
"QB18P0316","279"
"QB18P0318","5007"
"QB18P0320","4333"
"QB18P0322","281"
"QB18P0323","4636"
"QB18P0327","225"
"QB18P0330","220"
"QB18P0331","223"
"QB18P0332","5008"
"QB18P0333","5009"
"QB18P0335","695"
"QB18P0341","4638"
"QB18P0346","4639"
"QB18P0348","4143"
"QB18P0349","4640"
"QB18P0350","4641"
"QB18P0351","4642"
"QB18P0352","734"
"QB18P0356","738"
"QB18P0357","690"
"QB18P0360","4643"
"QB18P0361","4235"
"QB18P0363","1801"
"QB18P0364","3498"
"QB18P0365","4645"
"QB18P0369","4646"
"QB18P0372","1090"
"QB18P0374","4647"
"QB18P0375","4648"
"QB18P0378","4649"
"QB18P0380","236"
"QB18P0382","706"
"QB18P0383","237"
"QB18P0386","4650"
"QB18P0388","229"
"QB18P0389","230"
"QB18P0391","4337"
"QB18P0391","4651"
"QB18P0392","698"
"QB18P0393","4336"
"QB18P0393","4652"
"QB18P0397","1438"
"QB18P0398","1812"
"QB18P0399","1811"
"QB18P0400","1435"
"QB18P0401","1623"
"QB18P0402","1440"
"QB19P0403","2593"
"QB19P0404","4666"
"QB19P0405","2595"
"QB19P0406","2596"
"QB19P0408","2598"
"QB19P0410","2600"
"QB19P0411","2601"
"QB19P0412","2602"
"QB19P0413","2603"
"QB19P0415","2605"
"QB19P0416","2606"
"QB19P0417","2607"
"QB19P0419","3660"
"QB19P0420","5993"
"QB19P0421","5994"
"QB19P0422","3901"
"QB19P0423","5995"
"QB19P0424","3481"
"QB19P0425","5996"
"QB19P0427","3485"
"QB19P0429","4138"
"QB19P0430","5997"
"QB19P0431","5998"
"QB19P0432","5999"
"QB19P0433","6000"
"QB19P0434","2608"
"QB19P0435","2609"
"QB19P0436","2610"
"QB19P0437","4668"
"QB19P0438","2612"
"QB19P0440","2613"
"QB19P0441","2614"
"QB19P0442","4332"
"QB19P0444","2615"
"QB19P0445","2616"
"QB19P0446","2617"
"QB19P0447","4339"
"QB19P0448","2619"
"QB19P0449","2620"
"QB19P0450","2621"
"QB19P0451","2622"
"QB19P0452","2623"
"QB19P0453","2624"
"QB19P0454","2625"
"QB19P0455","2626"
"QB19P0456","4372"
"QB19P0457","2628"
"QB19P0458","2629"
"QB19P0459","4341"
"QB19P0460","2631"
"QB19P0461","2632"
"QB19P0462","2633"
"QB19P0463","6001"
"QB19P0464","5838"
"QB19P0465","6002"
"QB19P0466","4340"
"QB19P0467","6003"
"QB19P0468","6004"
"QB19P0473","5010"
"QB19P0474","6005"
"QB19P0475","3659"
"QB19P0477","5839"
"QB19P0478","6006"
"QB19P0479","6007"
"QB19P0480","6008"
"QB19P0481","6009"
"QB19P0482","6010"
"QB19P0483","6011"
"QB20P0484","5103"
"QB20P0485","5104"
"QB20P0486","5105"
"QB20P0487","5106"
"QB20P0488","5107"
"QB20P0489","5108"
"QB20P0490","5109"
"QB20P0491","5110"
"QB20P0492","5111"
"QB20P0493","5112"
"QB20P0494","5113"
"QB20P0495","5114"
"QB20P0496","5115"
"QB20P0497","5116"
"QB20P0498","5117"
"QB20P0499","5118"
"QB20P0500","5119"
"QB20P0501","5120"
"QB20P0502","5121"
"QB20P0503","5122"
"QB20P0504","5123"
"QB20P0505","5124"
"QB20P0506","5125"
"QB20P0507","5126"
"QB20P0508","5127"
"QB20P0509","5128"
"QB20P0510","5129"
"QB20P0511","5130"
"QB20P0512","5131"
"QB20P0513","5132"
"QB20P0514","5133"
"QB20P0515","5134"
"QB20P0516","5135"
"QB20P0517","5136"
"QB21P0519","6327"
"QB21P0520","6328"
"QB21P0521","6329"
"QB21P0522","6330"
"QB21P0523","6331"
"QB21P0524","6332"
"QB21P0525","6333"
"QB21P0526","6334"
"QB21P0527","6335"
"QB21P0528","6336"
"QB21P0529","6337"
"QB21P0530","6338"
"QB21P0531","6339"
"QB21P0532","6340"
"QB21P0533","6341"
"QB21P0534","6342"
"QB21P0535","6343"
"QB21P0536","6344"
"QB21P0537","6345"
"QB21P0538","6346"
"QB21P0539","6347"
"QB21P0540","6348"
"QB21P0541","6349"
"QB21P0542","6350"
"QB21P0543","6351"
"QB21P0544","6352"
"QB21P0545","6353"
"QB21P0546","6354"
"QB21P0547","6355"
"QB21P0548","6356"
"QB21P0549","6357"
"QB21P0550","6358"
"QB21P0551","6359"
"QB21P0552","6360"
"QB21P0553","6361"
"QB21P0554","6362"
"QB21P0555","6710"
"QB21P0556","6813"
"QB21P0557","6711"
"QB21P0558","6712"
"QB21P0559","6814"
"QB21P0560","6815"
"QB21P0561","6816"
"QB21P0562","6817"
"QB21P0563","6713"
"QB21P0564","6818"
"QB21P0565","6819"
"QB21P0566","6820"
"QB21P0567","6714"
"QB21P0568","6821"
"QB22P0569","7015"
"QB22P0570","7177"
"QB22P0571","7178"
"QB22P0572","7179"
"QB22P0573","7180"
"QB22P0574","7181"
"QB22P0575","7182"
"QB22P0576","7183"
"QB22P0577","7184"
"QB22P0578","7185"
"QB22P0579","7186"
"QB22P0580","7187"
"QB22P0581","7188"
"QB22P0582","7189"
"QB22P0583","7190"
"QB22P0584","7191"
"QB22P0585","7192"
"QB22P0586","7193"
"QB22P0587","7194"
"QB22P0588","7195"
"QB22P0589","7196"
"QB22P0590","7197"
"QB22P0591","7198"
"QB22P0592","7199"
"QB22P0593","7200"
"QB22P0594","7635"
"QB22P0595","7636"
"QB23P0596","7926"
"QB23P0597","7927"
"QB23P0598","7928"
"QB23P0599","7929"
"QB23P0600","7930"
"QB23P0601","7931"
"QB23P0602","7932"
"QB23P0603","7933"
"QB23P0604","7934"
"QB23P0605","7935"
"QB23P0606","7936"
"QB23P0607","7937"
"QB23P0608","7938"
"QB23P0609","7939"
"QB23P0610","7940"
"QB23P0611","7941"
"QB23P0612","7942"
"QB23P0613","7943"
"QB23P0614","7944"
"QB23P0615","7945"
"QB23P0616","7946"
"QB23P0617","7947"
"QB23P0618","7948"
"QB23P0619","8159"
"QB23P0620","8348"
"QB23P0621","8349"
"QB23S0016","8383"
"QB24P0622","8625"
"QB24P0623","8626"
"QB24P0624","8627"
"QB24P0625","8628"
"QB24P0626","8629"
"QB24P0627","8630"
"QB24P0628","8631"
"QB24P0629","8646"
"QB24P0630","8745"
"QB25G0638","9107"
"QB25G0640","9108"
"QB25P0632","9109"
"QB25P0633","9110"
"QB25P0634","9111"
"QB25P0635","9112"
"QB25P0636","9113"
"QG17P0013","4573"
"QG17P0016","4574"
"QG17P0018","4575"
"QG17P0033","4576"
"QG17P0034","531"
"QG17P0035","501"
"QG17P0042","4577"
"QG17P0053","1150"
"QG17P0063","4578"
"QG17P0065","1151"
"QG17P0066","888"
"QG17P0069","4579"
"QG17P0072","2007"
"QG17P0075","490"
"QG17P0080","493"
"QG17P0086","4580"
"QG17P0092","898"
"QG17P0093","1141"
"QG17P0100","2634"
"QG17P0101","482"
"QG17P0110","4581"
"QG17P0111","2635"
"QG17P0115","4582"
"QG17P0120","552"
"QG17P0121","553"
"QG17P0122","551"
"QG17P0123","4583"
"QG17P0124","4584"
"QG17P0125","2636"
"QG17P0126","2637"
"QG17P0127","2638"
"QG17P0130","1613"
"QG17P0131","2639"
"QG17P0132","4585"
"QG17P0133","2640"
"QG17P0137","2641"
"QG17P0138","1159"
"QG17P0139","2642"
"QG17P0142","534"
"QG17P0146","893"
"QG17P0146","4586"
"QG17P0151","1175"
"QG17P0153","2643"
"QG17P0154","2644"
"QG17P0155","887"
"QG17P0157","1161"
"QG17P0158","550"
"QG17P0161","2645"
"QG17P0162","2646"
"QG17P0163","2647"
"QG17P0164","549"
"QG17P0165","4588"
"QG17P0175","4589"
"QG17P0176","2648"
"QG17P0177","4590"
"QG17P0184","4591"
"QG17P0190","2649"
"QG17P0191","1555"
"QG17P0192","2650"
"QG17P0193","1196"
"QG17P0197","547"
"QG17P0200","1554"
"QG17P0201","2651"
"QG17P0205","2652"
"QG17P0206","2653"
"QG17P0207","2654"
"QG17P0208","2655"
"QG17P0208","6012"
"QG17P0209","2656"
"QG17P0210","2657"
"QG17P0212","1109"
"QG17P0213","4592"
"QG17P0215","6013"
"QG17P0216","521"
"QG17P0217","519"
"QG17P0218","522"
"QG17P0219","523"
"QG17P0222","4593"
"QG17P0223","2658"
"QG17P0226","518"
"QG17P0230","6014"
"QG17P0233","1115"
"QG17P0234","6015"
"QG17P0237","1195"
"QG17P0238","4975"
"QG17P0238","526"
"QG17P0239","4349"
"QG17P0240","1559"
"QG17P0242","4594"
"QG17P0243","6016"
"QG17P0246","6017"
"QG17P0248","1598"
"QG17P0252","1194"
"QG17P0255","525"
"QG17P0257","1193"
"QG17P0259","896"
"QG17P0260","2659"
"QG17P0260","6018"
"QG17P0261","2660"
"QG17P0264","1169"
"QG17P0267","5011"
"QG17P0268","4595"
"QG17P0270","4596"
"QG17P0272","5012"
"QG17P0273","4115"
"QG17P0277","1441"
"QG17P0278","4597"
"QG17P0281","1443"
"QG17P0282","2004"
"QG17P0283","2005"
"QG17P0284","2006"
"QG17P0285","1444"
"QG17P0286","1445"
"QG17P0294","2012"
"QG17P0302","1482"
"QG17P0306","1453"
"QG17P0307","1454"
"QG17P0315","1813"
"QG17P0316","2016"
"QG17P0319","2017"
"QG17P0321","2018"
"QG17P0322","4598"
"QG17P0324","1462"
"QG17P0329","2020"
"QG17P0332","2021"
"QG17P0334","4599"
"QG17P0335","2022"
"QG17P0337","1821"
"QG17P0341","2024"
"QG17P0345","1633"
"QG17P0346","2026"
"QG17P0348","4600"
"QG17P0351","1469"
"QG17P1234","4587"
"QG17U0289","2009"
"QG17U0291","2010"
"QG17U0296","1471"
"QG17U0297","1627"
"QG17U0300","2013"
"QG17U0309","2014"
"QG17U0320","4601"
"QG17U0336","2023"
"QG17U0338","1475"
"QG17U0340","1476"
"QG17U0343","2025"
"QG17U0350","2027"
"QG18P0005","4653"
"QG18P0006","4654"
"QG18P0038","4655"
"QG18P0354","485"
"QG18P0355","910"
"QG18P0356","2662"
"QG18P0357","3908"
"QG18P0359","2663"
"QG18P0362","484"
"QG18P0364","3662"
"QG18P0370","4118"
"QG18P0372","4350"
"QG18P0373","541"
"QG18P0375","2664"
"QG18P0376","1188"
"QG18P0380","4292"
"QG18P0382","4656"
"QG18P0387","6550"
"QG18P0388","2665"
"QG18P0391","3909"
"QG18P0393","1184"
"QG18P0394","532"
"QG18P0395","533"
"QG18P0402","481"
"QG18P0406","538"
"QG18P0410","4657"
"QG18P0411","2666"
"QG18P0412","3924"
"QG18P0414","907"
"QG18P0416","1590"
"QG18P0418","4375"
"QG18P0423","906"
"QG18P0430","1477"
"QG18P0431","1478"
"QG18P0432","1479"
"QG18P0433","1480"
"QG18P0434","6538"
"QG18U0435","1483"
"QG18U0436","1484"
"QG18U0437","1485"
"QG18U0438","1899"
"QG18U0439","1617"
"QG19P0440","1805"
"QG19P0442","6020"
"QG19P0444","2667"
"QG19P0445","3580"
"QG19P0446","3925"
"QG19P0448","2668"
"QG19P0449","3931"
"QG19P0450","3927"
"QG19P0451","3928"
"QG19P0453","2669"
"QG19P0454","2744"
"QG19P0455","6021"
"QG19P0456","2670"
"QG19P0457","3907"
"QG19P0458","3668"
"QG19P0459","2672"
"QG19P0460","2673"
"QG19P0461","1817"
"QG19P0462","2674"
"QG19P0463","2675"
"QG19P0464","2676"
"QG19P0465","2677"
"QG19P0466","3558"
"QG19P0467","3929"
"QG19P0468","2679"
"QG19P0470","4669"
"QG19P0471","2681"
"QG19P0472","2682"
"QG19P0473","2683"
"QG19P0474","2684"
"QG19P0475","2685"
"QG19P0476","1906"
"QG19P0477","2686"
"QG19P0478","2687"
"QG19P0478","6023"
"QG19P0480","2688"
"QG19P0481","2689"
"QG19P0484","2692"
"QG19P0485","2693"
"QG19P0487","2694"
"QG19P0488","2695"
"QG19P0488","6024"
"QG19P0490","2697"
"QG19P0491","2698"
"QG19P0492","2699"
"QG19P0494","2701"
"QG19P0495","4670"
"QG19P0497","2702"
"QG19P0498","3926"
"QG19P0500","4351"
"QG19P0502","2703"
"QG19P0504","5013"
"QG19P0505","1884"
"QG19P0508","3932"
"QG19P0509","3685"
"QG19P0510","6025"
"QG19P0511","3910"
"QG19P0512","3583"
"QG19P0513","3683"
"QG19P0514","3666"
"QG19P0515","3575"
"QG19P0516","3585"
"QG19P0517","3579"
"QG20P0357","5663"
"QG20P0358","5664"
"QG20P0359","5665"
"QG20P0360","5666"
"QG20P0361","5667"
"QG20P0362","5668"
"QG20P0518","5344"
"QG20P0519","5345"
"QG20P0520","5346"
"QG20P0521","5347"
"QG20P0522","5348"
"QG20P0523","5349"
"QG20P0524","5350"
"QG20P0526","5352"
"QG20P0527","5353"
"QG20P0528","5354"
"QG20P0529","5355"
"QG20P0530","5356"
"QG20P0531","5357"
"QG20P0532","5358"
"QG20P0533","5359"
"QG20P0534","5360"
"QG20P0535","5361"
"QG20P0536","5362"
"QG20P0537","5363"
"QG20P0539","5365"
"QG20P0540","5366"
"QG20P0540","5780"
"QG20P0541","5367"
"QG20P0542","5368"
"QG20P0543","5369"
"QG20P0544","5370"
"QG20P0545","5371"
"QG20P0546","5372"
"QG20P0547","5373"
"QG20P0548","5374"
"QG20P0549","5375"
"QG20P0550","5376"
"QG20P0551","5377"
"QG20P0552","5378"
"QG20P0553","5379"
"QG20U0553","5605"
"QG20U0554","5606"
"QG20U0555","5615"
"QG20U0556","5616"
"QG21P0560","6407"
"QG21P0561","6408"
"QG21P0562","6409"
"QG21P0563","6410"
"QG21P0564","6411"
"QG21P0565","6412"
"QG21P0566","6413"
"QG21P0567","6414"
"QG21P0568","6415"
"QG21P0569","6416"
"QG21P0570","6512"
"QG21P0571","6418"
"QG21P0572","6419"
"QG21P0573","6420"
"QG21P0574","6421"
"QG21P0575","6422"
"QG21P0576","6828"
"QG21P0577","6829"
"QG21P0578","6715"
"QG21P0579","6830"
"QG21P0580","6831"
"QG21P0581","6832"
"QG21P0582","6833"
"QG21P0583","6716"
"QG21P0584","6834"
"QG21P0585","6835"
"QG21P0586","6717"
"QG21P0587","6718"
"QG21P0588","6836"
"QG21P0589","6719"
"QG22P0590","7283"
"QG22P0591","7284"
"QG22P0592","7285"
"QG22P0593","7286"
"QG22P0594","7287"
"QG22P0595","7288"
"QG22P0596","7289"
"QG22P0597","7290"
"QG22P0598","7291"
"QG22P0599","7292"
"QG22P0600","7293"
"QG22P0601","7294"
"QG22P0602","7295"
"QG22P0603","7296"
"QG22P0604","7297"
"QG22P0605","7298"
"QG22P0606","7299"
"QG22P0607","7459"
"QG22P0608","7460"
"QG22P0609","7461"
"QG22P0610","7654"
"QG22P0611","7655"
"QG22P0612","7621"
"QG22P0613","7622"
"QG22P0614","7623"
"QG22P0615","7624"
"QG22P0616","7625"
"QG22P0617","7626"
"QG22P0618","7627"
"QG22P0619","7628"
"QG22P0620","7629"
"QG22P0621","7630"
"QG22P0622","7631"
"QG22P0623","7632"
"QG22P0624","7633"
"QG22P0625","7634"
"QG23P0626","7992"
"QG23P0627","7993"
"QG23P0628","7994"
"QG23P0629","7995"
"QG23P0630","7996"
"QG23P0631","7997"
"QG23P0632","7998"
"QG23P0633","7999"
"QG23P0634","8000"
"QG23P0635","8001"
"QG23P0636","8002"
"QG23P0637","8003"
"QG23P0638","8004"
"QG23P0639","8005"
"QG23P0640","8006"
"QG23P0641","8007"
"QG23P0642","8008"
"QG23P0643","8009"
"QG23P0644","8010"
"QG23P0645","8011"
"QG23P0646","8012"
"QG23P0647","8013"
"QG23P0648","8014"
"QG23P0649","8015"
"QG23P0650","8016"
"QG23P0651","8017"
"QG23P0652","8018"
"QG23P0653","8019"
"QG23P0654","8020"
"QG23P0655","8021"
"QG23P0656","8022"
"QG23P0657","8344"
"QG23P0658","8345"
"QG23S0001","8373"
"QG23S0002","8374"
"QG23S0003","8375"
"QG24P0659","8535"
"QG24P0660","8536"
"QG24P0661","8537"
"QG24P0662","8538"
"QG24P0663","8539"
"QG24P0664","8540"
"QG24P0665","8541"
"QG24P0666","8542"
"QG24P0667","8543"
"QG24P0668","8544"
"QG24P0669","8545"
"QG24P0670","8641"
"QG24P0671","8739"
"QG25G0679","9114"
"QG25G0680","9115"
"QG25G0681","9116"
"QG25G0682","9117"
"QG25G0683","9118"
"QG25G0685","9119"
"QG25G0686","9120"
"QG25G0687","9121"
"QG25G0688","9122"
"QG25G0689","9123"
"QG25G0690","9124"
"QG25P0672","9125"
"QG25P0673","9126"
"QG25P0674","9127"
"QG25P0675","9128"
"QG25P0676","9129"
"QG25P0677","9130"
"QG25P0678","9131"
"QN16P0003","3610"
"QN16P0004","3611"
"QN16P0012","448"
"QN16P0019","881"
"QN16P0019","1614"
"QN16P0024","433"
"QN16P0028","432"
"QN17P0008","4602"
"QN17P0035","445"
"QN17P0036","419"
"QN17P0043","4603"
"QN17P0045","4604"
"QN17P0046","4605"
"QN17P0049","4606"
"QN17P0050","4607"
"QN17P0059","1978"
"QN17P0062","4608"
"QN17P0066","1250"
"QN17P0072","447"
"QN17P0077","4609"
"QN17P0082","4610"
"QN17P0090","421"
"QN17P0090","4611"
"QN17P0091","446"
"QN17P0098","461"
"QN17P0103","459"
"QN17P0104","460"
"QN17P0104","4612"
"QN17P0107","438"
"QN17P0127","4613"
"QN17P0129","4614"
"QN17P0133","458"
"QN17P0141","1325"
"QN17P0144","457"
"QN17P0145","4615"
"QN17P0159","411"
"QN17P0168","1328"
"QN17P0182","4616"
"QN17P0189","4617"
"QN17P0190","4618"
"QN17P0193","3934"
"QN17P0194","416"
"QN17P0195","4729"
"QN17P0196","402"
"QN17P0197","4710"
"QN17P0201","1233"
"QN17P0202","397"
"QN17P0203","3631"
"QN17P0205","3671"
"QN17P0206","456"
"QN17P0208","4619"
"QN17P0208","3627"
"QN17P0209","4620"
"QN17P0209","3586"
"QN17P0213","407"
"QN17P0215","3634"
"QN17P0216","3628"
"QN17P0218","3630"
"QN17P0221","404"
"QN17P0223","3632"
"QN17P0224","3633"
"QN17P0225","3629"
"QN17P0226","5014"
"QN17P0227","405"
"QN17P0229","403"
"QN17P0230","406"
"QN17P0232","1277"
"QN17P0233","4346"
"QN17P0234","1278"
"QN17P0236","1330"
"QN17P0238","1274"
"QN17P0239","4970"
"QN17P0246","1256"
"QN17P0248","5015"
"QN17P0249","1608"
"QN17P0253","4973"
"QN17P0254","1329"
"QN17P0258","1610"
"QN17P0264","1611"
"QN17P0265","1247"
"QN17P0269","429"
"QN17P0274","436"
"QN17P0276","1246"
"QN17P0278","450"
"QN17P0279","431"
"QN17P0281","435"
"QN17P0285","4621"
"QN17P0286","5016"
"QN17P0287","1305"
"QN17P0291","464"
"QN17P0293","4622"
"QN17P0294","4623"
"QN17P0295","1300"
"QN17P0296","5017"
"QN17P0297","5018"
"QN17P0297","4624"
"QN17P0299","462"
"QN17P0300","5019"
"QN17P0303","1965"
"QN17P0304","1487"
"QN17P0306","1967"
"QN17P0308","1616"
"QN17P0309","1490"
"QN17P0310","1969"
"QN17P0311","1970"
"QN17P0312","1971"
"QN17P0313","1491"
"QN17P0316","1809"
"QN17P0317","1630"
"QN17P0318","1974"
"QN17P0321","1977"
"QN17P0324","1980"
"QN17P0328","1983"
"QN17P0329","1628"
"QN17P0330","1984"
"QN17P0331","1495"
"QN17P0333","6539"
"QN17P0334","1988"
"QN17P0336","1991"
"QN17P0339","1993"
"QN17P0341","1995"
"QN17P0342","1500"
"QN17P0345","1502"
"QN17P0346","1998"
"QN17P0348","1629"
"QN17P0352","1504"
"QN17P0353","1505"
"QN17P0356","1982"
"QN17P0356","6548"
"QN17P0357","1986"
"QN17P0358","1987"
"QN17P0359","1507"
"QN17P0361","1994"
"QN17P0362","1508"
"QN17P0364","1997"
"QN17U0484","1966"
"QN18P0331","1815"
"QN18P0369","1334"
"QN18P0371","1336"
"QN18P0373","1338"
"QN18P0374","1339"
"QN18P0376","1341"
"QN18P0382","1347"
"QN18P0383","1561"
"QN18P0384","1349"
"QN18P0394","3606"
"QN18P0398","1214"
"QN18P0401","3608"
"QN18P0402","3609"
"QN18P0403","1219"
"QN18P0404","1591"
"QN18P0405","4104"
"QN18P0407","6540"
"QN18P0414","3933"
"QN18P0420","1563"
"QN18P0422","1293"
"QN18P0423","1564"
"QN18P0424","1565"
"QN18P0424","4974"
"QN18P0426","5020"
"QN18P0428","1291"
"QN18P0429","1289"
"QN18P0430","1292"
"QN18P0431","1288"
"QN18P0432","3624"
"QN18P0433","3626"
"QN18P0433","6549"
"QN18P0434","5021"
"QN18P0435","1592"
"QN18P0438","1311"
"QN18P0439","1321"
"QN18P0440","3623"
"QN18P0442","4916"
"QN18P0444","1316"
"QN18P0444","4858"
"QN18P0447","3625"
"QN18P0449","1312"
"QN18P0450","4308"
"QN18P0454","1222"
"QN18P0455","1223"
"QN18P0459","6027"
"QN18P0461","1229"
"QN18P0463","1231"
"QN18P0466","1510"
"QN18P0468","1512"
"QN18P0469","1513"
"QN18P0470","1514"
"QN18P0471","1515"
"QN18P0472","1516"
"QN18P0473","1517"
"QN18P0474","1632"
"QN18P0475","2002"
"QN18U0476","1976"
"QN18U0477","1989"
"QN18U0478","1615"
"QN18U0479","1518"
"QN18U0480","1519"
"QN18U0481","1520"
"QN18U0482","2000"
"QN19P0311","5633"
"QN19P0490","2704"
"QN19P0494","4345"
"QN19P0494","5082"
"QN19P0500","2705"
"QN19P0502","3935"
"QN19P0503","3605"
"QN19P0504","3615"
"QN19P0505","3622"
"QN19P0506","3600"
"QN19P0507","3616"
"QN19P0508","3618"
"QN19P0509","3617"
"QN19P0509","6547"
"QN19P0510","3599"
"QN19P0510","3681"
"QN19P0511","3619"
"QN19P0512","3598"
"QN19P0513","3620"
"QN19P0514","3621"
"QN19P0515","3453"
"QN19P0516","4347"
"QN19P0517","3591"
"QN19P0520","3592"
"QN19P0523","3594"
"QN19P0524","6028"
"QN19P0525","3500"
"QN19P0526","6029"
"QN19P0527","3593"
"QN19P0529","6030"
"QN19P0530","6031"
"QN19P0532","6032"
"QN19P0534","6033"
"QN19P0535","3595"
"QN19P0536","3596"
"QN19P0537","5024"
"QN19P0538","3597"
"QN19P0544","6034"
"QN19P0545","3636"
"QN19P0546","3635"
"QN19P0547","3588"
"QN19P0548","3589"
"QN19P0549","3590"
"QN19P0550","4972"
"QN19P0550","3639"
"QN19P0551","3638"
"QN19P0552","3637"
"QN19P0553","4671"
"QN19P0554","3612"
"QN19P0554","4343"
"QN19P0555","2707"
"QN19P0556","3613"
"QN19P0556","2708"
"QN19P0557","3587"
"QN19P0558","2887"
"QN19P0559","2709"
"QN19P0560","3614"
"QN19P0561","2710"
"QN19P0561","3441"
"QN19P0563","4672"
"QN19P0563","6035"
"QN19P0568","3601"
"QN19P0569","3603"
"QN19P0571","3602"
"QN19P0572","5025"
"QN19P0574","6545"
"QN19P0577","4344"
"QN19P0579","3769"
"QN19P0584","3640"
"QN19P0584","4348"
"QN19P0585","4298"
"QN19U0581","1992"
"QN19U0582","2001"
"QN19U0583","1985"
"QN20P0586","5301"
"QN20P0587","5302"
"QN20P0588","5303"
"QN20P0589","5304"
"QN20P0590","5305"
"QN20P0591","5306"
"QN20P0592","5307"
"QN20P0593","5308"
"QN20P0594","5309"
"QN20P0595","5310"
"QN20P0596","5311"
"QN20P0597","5312"
"QN20P0598","5313"
"QN20P0599","5314"
"QN20P0600","5315"
"QN20P0601","5316"
"QN20P0602","5317"
"QN20P0603","5318"
"QN20P0604","5319"
"QN20P0605","5320"
"QN20P0606","5321"
"QN20P0608","5323"
"QN20P0609","5324"
"QN20P0610","5325"
"QN20P0611","5326"
"QN20P0612","5327"
"QN20P0613","5328"
"QN20P0614","5329"
"QN20P0615","5330"
"QN20P0616","5331"
"QN20P0617","5332"
"QN20P0618","5333"
"QN20P0619","5334"
"QN20P0620","5335"
"QN20P0621","5336"
"QN20P0622","5337"
"QN20P0623","5338"
"QN20P0624","5339"
"QN20P0625","5340"
"QN20P0626","5341"
"QN20P0627","5342"
"QN20P0628","5343"
"QN20P0634","5654"
"QN20P0635","5655"
"QN20P0636","5656"
"QN20P0637","5657"
"QN20P0638","5658"
"QN20P0639","5659"
"QN20P0640","5660"
"QN20P0641","5661"
"QN20P0642","5662"
"QN20P1234","4239"
"QN20U0629","5603"
"QN20U0630","5604"
"QN20U0631","5612"
"QN20U0632","5613"
"QN20U0633","5614"
"QN21P0638","6363"
"QN21P0639","6364"
"QN21P0640","6365"
"QN21P0641","6366"
"QN21P0642","6367"
"QN21P0643","6368"
"QN21P0644","6369"
"QN21P0645","6370"
"QN21P0646","6371"
"QN21P0647","6372"
"QN21P0648","6373"
"QN21P0649","6374"
"QN21P0650","6375"
"QN21P0651","6376"
"QN21P0652","6377"
"QN21P0654","6379"
"QN21P0655","6380"
"QN21P0656","6381"
"QN21P0657","6382"
"QN21P0658","6383"
"QN21P0659","6384"
"QN21P0660","6385"
"QN21P0661","6386"
"QN21P0662","6387"
"QN21P0663","6388"
"QN21P0664","6389"
"QN21P0665","6510"
"QN21P0666","6511"
"QN21P0667","6392"
"QN21P0668","6393"
"QN21P0669","6394"
"QN21P0670","6395"
"QN21P0672","6397"
"QN21P0673","6398"
"QN21P0674","6399"
"QN21P0675","6400"
"QN21P0676","6401"
"QN21P0677","6402"
"QN21P0678","6403"
"QN21P0679","6404"
"QN21P0680","6405"
"QN21P0681","6406"
"QN21P0682","6728"
"QN21P0683","6727"
"QN21P0684","6947"
"QN21P0685","6822"
"QN21P0686","6729"
"QN21P0687","6730"
"QN21P0688","6823"
"QN21P0689","6731"
"QN21P0690","6732"
"QN21P0691","6733"
"QN21P0692","6724"
"QN21P0693","6725"
"QN21P0694","6726"
"QN21P0695","6734"
"QN21P0696","6735"
"QN21P0697","6946"
"QN21P0698","6738"
"QN21P0699","6736"
"QN21P0700","6824"
"QN21P0701","6825"
"QN21P0702","6826"
"QN21P0703","6827"
"QN21P0704","6737"
"QN22P0705","7252"
"QN22P0706","7253"
"QN22P0707","7254"
"QN22P0708","7255"
"QN22P0709","7256"
"QN22P0710","7257"
"QN22P0711","7258"
"QN22P0712","7259"
"QN22P0713","7260"
"QN22P0714","7261"
"QN22P0715","7262"
"QN22P0716","7263"
"QN22P0717","7264"
"QN22P0718","7265"
"QN22P0719","7266"
"QN22P0720","7267"
"QN22P0721","7268"
"QN22P0722","7269"
"QN22P0723","7270"
"QN22P0724","7271"
"QN22P0725","7272"
"QN22P0726","7273"
"QN22P0727","7274"
"QN22P0728","7275"
"QN22P0729","7276"
"QN22P0730","7277"
"QN22P0731","7278"
"QN22P0732","7279"
"QN22P0733","7280"
"QN22P0734","7281"
"QN22P0735","7282"
"QN22P0736","7462"
"QN22P0737","7463"
"QN22P0738","7464"
"QN22P0739","7465"
"QN22P0740","7641"
"QN22P0741","7642"
"QN22P0742","7643"
"QN22P0743","7644"
"QN22P0744","7645"
"QN22P0745","7646"
"QN22P0746","7637"
"QN22P0747","7638"
"QN22P0748","7639"
"QN22P0749","7640"
"QN22P0750","7677"
"QN22P0751","7678"
"QN22P0752","7679"
"QN22P0753","7680"
"QN22P0754","7681"
"QN22U0001","7800"
"QN23P0755","7949"
"QN23P0756","7950"
"QN23P0757","7951"
"QN23P0758","7952"
"QN23P0759","7953"
"QN23P0760","7954"
"QN23P0761","7955"
"QN23P0762","7956"
"QN23P0763","7957"
"QN23P0764","7958"
"QN23P0765","7959"
"QN23P0766","7960"
"QN23P0767","7961"
"QN23P0768","7962"
"QN23P0769","7963"
"QN23P0770","7964"
"QN23P0771","7965"
"QN23P0772","7966"
"QN23P0773","7967"
"QN23P0774","7968"
"QN23P0775","7969"
"QN23P0776","7970"
"QN23P0777","7971"
"QN23P0778","7972"
"QN23P0779","7973"
"QN23P0780","7974"
"QN23P0781","7975"
"QN23P0782","7976"
"QN23P0783","7977"
"QN23P0784","7978"
"QN23P0785","7979"
"QN23P0786","7980"
"QN23P0787","7981"
"QN23P0788","7982"
"QN23P0789","7983"
"QN23P0790","7984"
"QN23P0791","7985"
"QN23P0792","7986"
"QN23P0793","7987"
"QN23P0794","7988"
"QN23P0795","7989"
"QN23P0796","7990"
"QN23P0797","7991"
"QN23P0798","8160"
"QN23P0799","8161"
"QN23P0800","8162"
"QN23P0801","8163"
"QN23P0802","8346"
"QN23P0803","8347"
"QN23S0001","8369"
"QN23S0002","8370"
"QN23S0003","8371"
"QN23S0004","8372"
"QN23S0005","8379"
"QN23S0006","8380"
"QN23S0007","8381"
"QN23S0008","8382"
"QN24P0804","8546"
"QN24P0805","8547"
"QN24P0806","8548"
"QN24P0807","8549"
"QN24P0808","8550"
"QN24P0809","8551"
"QN24P0810","8552"
"QN24P0811","8553"
"QN24P0812","8554"
"QN24P0813","8555"
"QN24P0814","8556"
"QN24P0815","8557"
"QN24P0816","7656"
"QN24P0817","8559"
"QN24P0818","8560"
"QN24P0819","8561"
"QN24P0820","8562"
"QN24P0821","8563"
"QN24P0822","8564"
"QN24P0823","8565"
"QN24P0824","8566"
"QN24P0825","8567"
"QN24P0826","8568"
"QN24P0827","8569"
"QN24P0828","8570"
"QN24P0829","8571"
"QN24P0830","8572"
"QN24P0831","8573"
"QN24P0832","8574"
"QN24P0833","8575"
"QN24P0834","8576"
"QN24P0835","8577"
"QN24P0836","8578"
"QN24P0837","8642"
"QN24P0838","8740"
"QN24P0839","8853"
"QN24P0840","8854"
"QN24P0841","8855"
"QN24P0842","8856"
"QN24P0843","8857"
"QN24P0844","8858"
"QN24P0845","8859"
"QN24P0846","8860"
"QN24P1234","8558"
"QN24U0001","7725"
"QN25G0877","9132"
"QN25G0878","9133"
"QN25G0881","9134"
"QN25G0882","9135"
"QN25G0883","9136"
"QN25G0884","9137"
"QN25G0886","9138"
"QN25G0888","9139"
"QN25G0890","9140"
"QN25G0891","9141"
"QN25G0892","9142"
"QN25G0893","9143"
"QN25G0895","9144"
"QN25G0896","9145"
"QN25G0897","9146"
"QN25G0898","9147"
"QN25G0899","9148"
"QN25G0900","9149"
"QN25G0901","9150"
"QN25G0903","9151"
"QN25G0904","9152"
"QN25G0905","9153"
"QN25G0906","9154"
"QN25G0907","9155"
"QN25G0908","9156"
"QN25G0909","9157"
"QN25P0847","9158"
"QN25P0848","9159"
"QN25P0849","9160"
"QN25P0850","9161"
"QN25P0851","9162"
"QN25P0852","9163"
"QN25P0853","9164"
"QN25P0854","9165"
"QN25P0855","9166"
"QN25P0856","9167"
"QN25P0857","9168"
"QN25P0858","9169"
"QN25P0859","9170"
"QN25P0860","9171"
"QN25P0861","9172"
"QN25P0862","9173"
"QN25P0863","9174"
"QN25P0864","9175"
"QN25P0865","9176"
"QN25P0866","9177"
"QN25P0867","9178"
"QN25P0868","9179"
"QN25P0869","9180"
"QN25P0870","9181"
"QN25P0871","9182"
"QN25P0872","9183"
"QN25P0873","9184"
"QN25P0874","9185"
"QN25P0875","9186"
"QN25P0876","9187"
"QT17P0003","6036"
"QT17P0007","6037"
"QT17P0008","961"
"QT17P0009","1361"
"QT17P0011","1356"
"QT17P0013","6038"
"QT17P0014","6039"
"QT17P0015","6040"
"QT17P0019","4625"
"QT17P0021","6041"
"QT17P0022","1357"
"QT17P0026","6042"
"QT17P0029","6043"
"QT17P0032","960"
"QT17P0035","4356"
"QT17P0037","962"
"QT17P0038","6044"
"QT17P0039","1355"
"QT17P0042","6045"
"QT17P0043","1358"
"QT17P0045","6046"
"QT17P0047","4380"
"QT17P0052","1362"
"QT17P0053","6047"
"QT17P0056","6048"
"QT17P0057","4146"
"QT17P0059","957"
"QT17P0061","1552"
"QT17P0062","1359"
"QT17P0063","6049"
"QT17P0064","6050"
"QT17P0066","6051"
"QT17P0068","6052"
"QT17P0069","959"
"QT17U0071","1886"
"QT17U0072","2034"
"QT17U0075","1962"
"QT17U0076","1816"
"QT17U0077","2036"
"QT17U0078","2037"
"QT17U0079","1892"
"QT17U0082","1631"
"QT17U0183","2033"
"QT18P0079","296"
"QT18P0080","1543"
"QT18P0082","4357"
"QT18P0084","925"
"QT18P0085","1545"
"QT18P0087","302"
"QT18P0088","300"
"QT18P0092","4376"
"QT18P0093","298"
"QT18P0095","4358"
"QT18P0099","1544"
"QT18P0106","305"
"QT18P0108","304"
"QT18P0111","4355"
"QT18P0114","1588"
"QT18P0118","6055"
"QT18P0119","4658"
"QT18P0123","4659"
"QT18P0126","936"
"QT18P0127","1605"
"QT18P0131","929"
"QT18P0133","312"
"QT18P0140","4382"
"QT18P0141","5026"
"QT18P0144","1547"
"QT18P0155","1548"
"QT18P0156","4353"
"QT18P0157","1549"
"QT18P0159","4354"
"QT18P0161","4133"
"QT18P0168","951"
"QT18P0171","3667"
"QT18P0172","4661"
"QT18P0174","950"
"QT18U0178","6542"
"QT18U0179","2031"
"QT18U0180","1624"
"QT19P0188","6067"
"QT19P0193","2715"
"QT19P0194","4673"
"QT19P0195","3657"
"QT19P0195","4688"
"QT19P0196","4361"
"QT19P0197","2716"
"QT19P0200","4674"
"QT19P0204","4359"
"QT19P0207","4360"
"QT19P0210","2718"
"QT19P0213","5027"
"QT19P0214","3656"
"QT19P0214","2719"
"QT19P0220","2720"
"QT19P0225","2721"
"QT19P0230","5474"
"QT19P0233","2722"
"QT19P0235","4352"
"QT19P0236","4675"
"QT19P0237","4676"
"QT19P0240","6068"
"QT19P0241","2723"
"QT19P0242","6069"
"QT19P0243","6070"
"QT19P0244","6071"
"QT19P0245","6072"
"QT19P0246","6073"
"QT19P0248","3658"
"QT19P0249","6074"
"QT19P0252","6075"
"QT19P0254","6076"
"QT19P0255","6077"
"QT19U0260","2035"
"QT19U0261","2029"
"QT19U0263","1879"
"QT19U0264","2030"
"QT20P0267","5138"
"QT20P0268","5139"
"QT20P0269","5140"
"QT20P0270","5141"
"QT20P0271","5142"
"QT20P0272","5143"
"QT20P0273","5144"
"QT20P0274","5145"
"QT20P0275","5146"
"QT20P0276","5147"
"QT20P0277","5148"
"QT20P0278","5149"
"QT20P0279","5150"
"QT20P0280","5151"
"QT20P0281","5152"
"QT20P0282","5153"
"QT20P0283","5154"
"QT20P0284","5155"
"QT20P0285","5156"
"QT20P0286","5157"
"QT20P0287","5158"
"QT20P0288","5159"
"QT20P0289","5160"
"QT20P0290","5161"
"QT20P0291","5162"
"QT20P0292","5163"
"QT20P0293","5164"
"QT20P0294","5165"
"QT20P0295","5166"
"QT20P0296","5167"
"QT20P0297","5168"
"QT20P0298","5169"
"QT20P0299","5170"
"QT20P0300","5171"
"QT20P0301","5172"
"QT20P0302","5173"
"QT20P0303","5174"
"QT20P0304","5175"
"QT20P0305","5176"
"QT20P0306","5177"
"QT20P0307","5178"
"QT20P0308","5179"
"QT20P0309","5180"
"QT20P0310","5181"
"QT20P0311","5182"
"QT20P0312","5183"
"QT20P0313","5184"
"QT20P0314","5185"
"QT20P0315","5186"
"QT20P0316","5187"
"QT20P0317","5188"
"QT20P0318","5189"
"QT20P0319","5190"
"QT20P0320","5191"
"QT20P0325","5855"
"QT20P0326","5669"
"QT20P0327","5670"
"QT20P0328","5671"
"QT20U0321","5608"
"QT20U0322","5609"
"QT20U0323","5610"
"QT20U0324","5611"
"QT21P0329","6423"
"QT21P0330","6424"
"QT21P0331","6425"
"QT21P0332","6426"
"QT21P0333","6427"
"QT21P0334","6428"
"QT21P0335","6429"
"QT21P0336","6430"
"QT21P0337","6431"
"QT21P0338","6432"
"QT21P0339","6433"
"QT21P0340","6434"
"QT21P0341","6435"
"QT21P0342","6436"
"QT21P0343","6437"
"QT21P0344","6438"
"QT21P0345","6439"
"QT21P0346","6440"
"QT21P0347","6441"
"QT21P0348","6442"
"QT21P0349","6443"
"QT21P0350","6444"
"QT21P0351","6445"
"QT21P0352","6513"
"QT21P0353","6447"
"QT21P0354","6448"
"QT21P0355","6449"
"QT21P0356","6450"
"QT21P0357","6451"
"QT21P0358","6452"
"QT21P0359","6453"
"QT21P0360","6454"
"QT21P0361","6455"
"QT21P0362","6456"
"QT21P0363","6457"
"QT21P0364","6458"
"QT21P0365","6459"
"QT21P0366","6720"
"QT21P0367","6837"
"QT21P0368","6838"
"QT21P0369","6839"
"QT21P0370","6840"
"QT21P0371","6841"
"QT21P0372","6842"
"QT21P0373","6721"
"QT21P0374","6843"
"QT21P0375","6844"
"QT21P0376","6845"
"QT22P0377","7201"
"QT22P0378","7202"
"QT22P0379","7203"
"QT22P0380","7204"
"QT22P0381","7205"
"QT22P0382","7206"
"QT22P0383","7207"
"QT22P0384","7208"
"QT22P0385","7209"
"QT22P0386","7210"
"QT22P0387","7211"
"QT22P0388","7212"
"QT22P0389","7213"
"QT22P0390","7214"
"QT22P0391","7215"
"QT22P0392","7216"
"QT22P0393","7217"
"QT22P0394","7218"
"QT22P0395","7219"
"QT22P0396","7220"
"QT22P0397","7221"
"QT22P0398","7222"
"QT22P0399","7223"
"QT22P0400","7224"
"QT22P0401","7225"
"QT22P0402","7226"
"QT22P0403","7227"
"QT22P0404","7228"
"QT22P0405","7229"
"QT22P0406","7230"
"QT22P0407","7231"
"QT22P0408","7232"
"QT22P0409","7233"
"QT22P0410","7466"
"QT22P0411","7467"
"QT22P0412","7468"
"QT22P0413","7469"
"QT22P0414","7470"
"QT22P0415","7471"
"QT22P0416","7472"
"QT22P0417","7473"
"QT22P0418","7474"
"QT22P0419","7475"
"QT22P0420","7682"
"QT22P0421","7683"
"QT22P0422","7684"
"QT22P0423","7685"
"QT22P0424","7686"
"QT22P0425","7687"
"QT22P0426","7688"
"QT22U0001","7797"
"QT23P0427","8023"
"QT23P0428","8024"
"QT23P0429","8025"
"QT23P0430","8026"
"QT23P0431","8027"
"QT23P0432","8028"
"QT23P0433","8029"
"QT23P0434","8030"
"QT23P0435","8031"
"QT23P0436","8032"
"QT23P0437","8033"
"QT23P0438","8034"
"QT23P0439","8035"
"QT23P0440","8036"
"QT23P0441","8037"
"QT23P0442","8038"
"QT23P0443","8039"
"QT23P0444","8040"
"QT23P0445","8041"
"QT23P0446","8042"
"QT23P0447","8043"
"QT23P0448","8044"
"QT23P0449","8045"
"QT23P0450","8046"
"QT23P0451","8047"
"QT23P0452","8048"
"QT23P0453","8049"
"QT23P0454","8050"
"QT23P0455","8051"
"QT23P0456","8052"
"QT23P0457","8053"
"QT23P0458","8054"
"QT23P0459","8055"
"QT23P0460","8056"
"QT23P0461","8057"
"QT23P0462","8058"
"QT23P0463","8059"
"QT23P0464","8060"
"QT23P0465","8061"
"QT23P0466","8062"
"QT23P0467","8063"
"QT23P0468","8064"
"QT23S0001","8384"
"QT23S0002","8385"
"QT23S0003","8388"
"QT23S0004","8389"
"QT24P0469","8609"
"QT24P0470","8610"
"QT24P0471","8611"
"QT24P0472","8612"
"QT24P0473","8613"
"QT24P0474","8614"
"QT24P0475","8615"
"QT24P0476","8616"
"QT24P0477","8617"
"QT24P0478","8618"
"QT24P0479","8619"
"QT24P0480","8620"
"QT24P0481","8621"
"QT24P0482","8622"
"QT24P0483","8623"
"QT24P0484","8624"
"QT24P0485","8741"
"QT24P0486","8742"
"QT25G0494","9188"
"QT25G0495","9189"
"QT25G0496","9190"
"QT25G0497","9191"
"QT25G0498","9192"
"QT25G0499","9193"
"QT25P0487","9194"
"QT25P0488","9195"
"QT25P0489","9196"
"QT25P0490","9197"
"QT25P0491","9198"
"QT25P0492","9199"
"QT25P0493","9200"
"SG19U0001","3509"
"SG19U0002","3510"
"SG19U0003","3511"
"SG19U0004","3512"
"SG19U0005","3513"
"SG24U0006","8938"
"SP24M0015","1401"
"SP24M0039","1990"
"SP24M0042","1810"
"TG14P0121","3715"
"TG14P0122","3781"
"TG14P0123","3698"
"TG14P0151","3740"
"TG14P0154","3722"
"TG15P0165","4065"
"TG15P0167","3745"
"TG15P0169","4103"
"TG15P0170","3696"
"TG15P0173","3697"
"TG15P0176","3694"
"TG15P0186","3398"
"TG15P0188","3720"
"TG15P0191","3406"
"TG15P0192","3402"
"TG15P0193","3403"
"TG15P0194","3404"
"TG15P0195","3721"
"TG15P0197","3401"
"TG15P0198","3783"
"TG15P0206","3424"
"TG15P0208","3423"
"TG15P0210","3719"
"TG15P0211","3742"
"TG15P0212","3426"
"TG15P0214","4706"
"TG16P0220","4699"
"TG16P0221","5704"
"TG16P0222","4099"
"TG16P0223","4213"
"TG16P0224","3741"
"TG16P0226","4212"
"TG16P0228","4197"
"TG16P0229","3718"
"TG16P0229","4780"
"TG16P0230","3425"
"TG16P0233","3427"
"TG16P0235","3417"
"TG16P0237","4698"
"TG16P0239","4196"
"TG16P0240","4068"
"TG16P0241","4210"
"TG16P0242","3888"
"TG16P0248","3701"
"TG16P0249","4067"
"TG16P0250","1746"
"TG16P0252","1745"
"TG16P0253","4691"
"TG16P0254","4073"
"TG16P0256","3702"
"TG16P0257","3809"
"TG16P0258","3810"
"TG16P0259","3988"
"TG16P0260","3811"
"TG16P0261","3813"
"TG16P0262","3987"
"TG16P0263","4758"
"TG16P0264","5693"
"TG16P0267","3704"
"TG16P0269","3814"
"TG16P0271","4154"
"TG16P0273","4155"
"TG16P0274","3989"
"TG16P0276","4156"
"TG16P0277","3986"
"TG16P0278","4756"
"TG16P0280","4757"
"TG16P0280","3812"
"TG16P0282","3699"
"TG16P0287","4171"
"TG16P0288","4066"
"TG16P0289","3842"
"TG16P0292","4069"
"TG16P0293","4222"
"TG16P0297","4012"
"TG16P0300","4690"
"TG16P0302","4072"
"TG16P0303","3843"
"TG16P0304","4765"
"TG16P0308","3881"
"TG16P0309","4077"
"TG16P0311","3711"
"TG16P0313","3782"
"TG16P0314","4136"
"TG16P0315","3774"
"TG16P0316","3713"
"TG16P0318","4071"
"TG16P0321","3889"
"TG16P0322","3714"
"TG16P0323","4036"
"TG16P0327","3700"
"TG16P0328","3880"
"TG16P0332","4766"
"TG16P0332","3716"
"TG16P0334","3738"
"TG16P0335","4216"
"TG16P0336","4091"
"TG16P0337","4037"
"TG16P0338","4089"
"TG16P0339","4085"
"TG16P0340","4090"
"TG16P0341","3898"
"TG16P0342","4086"
"TG16P0344","3737"
"TG16P0345","4038"
"TG16P0348","3739"
"TG16P0349","4192"
"TG16P0350","4193"
"TG16P0351","4039"
"TG16P0352","5028"
"TG16P0355","4087"
"TG16P0358","4194"
"TG16P0359","4088"
"TG17P0361","3397"
"TG17P0363","4003"
"TG17P0364","4163"
"TG17P0365","3394"
"TG17P0367","5686"
"TG17P0369","4692"
"TG17P0370","3395"
"TG17P0371","3838"
"TG17P0373","4006"
"TG17P0374","4005"
"TG17P0375","4165"
"TG17P0376","4004"
"TG17P0377","4779"
"TG17P0379","4167"
"TG17P0380","4166"
"TG17P0381","5697"
"TG17P0382","5698"
"TG17P0384","3429"
"TG18P0385","3815"
"TG18P0386","3816"
"TG18P0387","3990"
"TG18P0388","3817"
"TG18P0389","4157"
"TG18P0390","4111"
"TG18P0392","3991"
"TG18P0393","5694"
"TG18P0395","4164"
"TG18P0396","5687"
"TG18P0398","3839"
"TG18P0399","3840"
"TG18P0401","5688"
"TG18P0403","3405"
"TG18P0404","4007"
"TG18P0405","4008"
"TG18P0406","4168"
"TG18P0407","3841"
"TG18P0410","4014"
"TG18P0412","4015"
"TG18P0414","3844"
"TG18P0416","3845"
"TG18P0418","4043"
"TG18P0419","3415"
"TG18P0421","3416"
"TG18P0423","4198"
"TG18P0424","4044"
"TG18P0426","4199"
"TG18P0427","4045"
"TG18P0428","6088"
"TG18P0429","4752"
"TG18P0430","4200"
"TG18P0432","5029"
"TG18P0433","4046"
"TG18P0434","5030"
"TG18P0435","4092"
"TG18P0436","3899"
"TG18P0437","4093"
"TG18P0439","4094"
"TG18P0440","4217"
"TG18P0441","4218"
"TG18P0442","3900"
"TG18P0443","4096"
"TG18P0444","3749"
"TG18P0445","4097"
"TG18P0446","3789"
"TG18P0447","4098"
"TG19U0001","3517"
"TG19U0002","3518"
"TG19U0003","3553"
"TG20P0448","5817"
"TG20P0449","5818"
"TG20P0450","5819"
"TG20P0451","5768"
"TG20P0452","5820"
"TG20P0453","5821"
"TG20P0454","5822"
"TG20P0455","5823"
"TG20P0456","5824"
"TG20P0457","5769"
"TG20U0004","3695"
"TG20U0005","3396"
"TG22U0005","7799"
"UV24P0054","8800"
"UV24P0097","8871"
"UV24P0098","8872"
"UV24P0099","8873"
"UV24P0100","8874"
"UV24P0101","8875"
"UV24P0102","8876"
"UV24P0103","8877"
"UV24P0104","8878"
"UV24P0105","8879"
"UV24P0106","8880"
"UV24P0107","8881"
"UV24P0108","8882"
"UV24P0109","8883"
"VL18P0001","4789"
"VL18P0002","3791"
"VL18P0003","3792"
"VL18P0004","3953"
"VL18P0005","3793"
"VL18P0006","3794"
"VL18P0007","3795"
"VL18P0008","3796"
"VL18P0009","4791"
"VL18P0011","3954"
"VL18P0012","3955"
"VL18P0013","3956"
"VL18P0014","3957"
"VL18P0015","3958"
"VL18P0016","3959"
"VL18P0017","3960"
"VL18P0019","3961"
"VL18P0020","3962"
"VL18P0022","3963"
"VL18P0023","4783"
"VL18P0024","3964"
"VL18P0025","3965"
"VL18P0026","4147"
"VL18P0027","3967"
"VL18P0028","3968"
"VL18P0029","4788"
"VL18P0030","3969"
"VL18P0031","4148"
"VL18P0032","3970"
"VL18P0033","4149"
"VL18P0034","3971"
"VL18P0035","3972"
"VL18P0036","3966"
"VL18P0037","4784"
"VL18P0038","3973"
"VL18P0039","3974"
"VL18P0040","4693"
"VL18P0041","4150"
"VL18P0042","3975"
"VL19U0001","3554"
"VL19U0003","3514"
"VL20P0043","5770"
"VL20P0044","5771"
"VL20P0045","5790"
"VL20P0046","5791"
"VL20P0047","5772"
"VL20P0048","5773"
"VL20P0049","5792"
"VL20P0050","5793"
"VL20P0051","5774"
"VL20P0052","5825"
"VL20P0053","5826"
"VL20P0054","5827"
"VL20P0055","5828"
"VL20P0056","5829"
"VL20P0057","5830"
"VL20P0058","5847"
"VL20P0059","5831"
"VL20P0060","5713"
"VL20P0061","5832"
"VL20P0062","6090"
"VL20P0063","5775"
"VL20P0064","5833"
"VL20P0065","5834"
"VL20P0066","5794"
"VL22P0067","7912"
"VL22P0068","7913"
"VL22P0069","7914"
"VL22P0070","7915"
"VL22P0071","7916"
"VL22P0072","7917"
"VL22P0073","7922"
"VL22P0074","7923"
"VL22P0075","7924"
"VL22P0076","7925"